"","Competition_Name","Gender","Country","Season_End_Year","Round","Wk","Day","Date","Time","Home","HomeGoals","Home_xG","Away","AwayGoals","Away_xG","Attendance","Venue","Referee","Notes","MatchURL"
"1","Premier League","M","ENG",2025,NA,"1","Fri",2024-08-16,"20:00","Manchester Utd",1,2.4,"Fulham",0,0.4,73297,"Old Trafford","Robert Jones",NA,"https://fbref.com/en/matches/cc5b4244/Manchester-United-Fulham-August-16-2024-Premier-League"
"2","Premier League","M","ENG",2025,NA,"1","Sat",2024-08-17,"12:30","Ipswich Town",0,0.5,"Liverpool",2,2.6,30014,"Portman Road Stadium","Tim Robinson",NA,"https://fbref.com/en/matches/a1d0d529/Ipswich-Town-Liverpool-August-17-2024-Premier-League"
"3","Premier League","M","ENG",2025,NA,"1","Sat",2024-08-17,"15:00","Newcastle Utd",1,0.3,"Southampton",0,1.8,52196,"St James' Park","Craig Pawson",NA,"https://fbref.com/en/matches/34557647/Newcastle-United-Southampton-August-17-2024-Premier-League"
"4","Premier League","M","ENG",2025,NA,"1","Sat",2024-08-17,"15:00","Nott'ham Forest",1,1.3,"Bournemouth",1,1.2,29763,"The City Ground","Michael Oliver",NA,"https://fbref.com/en/matches/4efc72e4/Nottingham-Forest-Bournemouth-August-17-2024-Premier-League"
"5","Premier League","M","ENG",2025,NA,"1","Sat",2024-08-17,"15:00","Everton",0,0.5,"Brighton",3,1.4,39217,"Goodison Park","Simon Hooper",NA,"https://fbref.com/en/matches/71618ace/Everton-Brighton-and-Hove-Albion-August-17-2024-Premier-League"
"6","Premier League","M","ENG",2025,NA,"1","Sat",2024-08-17,"15:00","Arsenal",2,1.2,"Wolves",0,0.5,60261,"Emirates Stadium","Jarred Gillett",NA,"https://fbref.com/en/matches/c0e3342a/Arsenal-Wolverhampton-Wanderers-August-17-2024-Premier-League"
"7","Premier League","M","ENG",2025,NA,"1","Sat",2024-08-17,"17:30","West Ham",1,2.3,"Aston Villa",2,2,62463,"London Stadium","Tony Harrington",NA,"https://fbref.com/en/matches/eac7c00b/West-Ham-United-Aston-Villa-August-17-2024-Premier-League"
"8","Premier League","M","ENG",2025,NA,"1","Sun",2024-08-18,"14:00","Brentford",2,1.6,"Crystal Palace",1,1.2,16988,"Gtech Community Stadium","Samuel Barrott",NA,"https://fbref.com/en/matches/b63822b9/Brentford-Crystal-Palace-August-18-2024-Premier-League"
"9","Premier League","M","ENG",2025,NA,"1","Sun",2024-08-18,"16:30","Chelsea",0,1,"Manchester City",2,0.8,39818,"Stamford Bridge","Anthony Taylor",NA,"https://fbref.com/en/matches/67a0c715/Chelsea-Manchester-City-August-18-2024-Premier-League"
"10","Premier League","M","ENG",2025,NA,"1","Mon",2024-08-19,"20:00","Leicester City",1,1,"Tottenham",1,1.2,31977,"King Power Stadium","Chris Kavanagh",NA,"https://fbref.com/en/matches/62eea1d6/Leicester-City-Tottenham-Hotspur-August-19-2024-Premier-League"
"11","Premier League","M","ENG",2025,NA,"10","Sat",2024-11-02,"12:30","Newcastle Utd",1,0.5,"Arsenal",0,1.1,52249,"St James' Park","John Brooks",NA,"https://fbref.com/en/matches/cc960c22/Newcastle-United-Arsenal-November-2-2024-Premier-League"
"12","Premier League","M","ENG",2025,NA,"10","Sat",2024-11-02,"15:00","Southampton",1,0.7,"Everton",0,1.6,31143,"St Mary's Stadium","Andy Madley",NA,"https://fbref.com/en/matches/2be42fdb/Southampton-Everton-November-2-2024-Premier-League"
"13","Premier League","M","ENG",2025,NA,"10","Sat",2024-11-02,"15:00","Liverpool",2,1.6,"Brighton",1,1,60331,"Anfield","Tony Harrington",NA,"https://fbref.com/en/matches/7d114c70/Liverpool-Brighton-and-Hove-Albion-November-2-2024-Premier-League"
"14","Premier League","M","ENG",2025,NA,"10","Sat",2024-11-02,"15:00","Nott'ham Forest",3,2.2,"West Ham",0,0.1,30112,"The City Ground","Peter Bankes",NA,"https://fbref.com/en/matches/c2505640/Nottingham-Forest-West-Ham-United-November-2-2024-Premier-League"
"15","Premier League","M","ENG",2025,NA,"10","Sat",2024-11-02,"15:00","Ipswich Town",1,1,"Leicester City",1,1.5,29874,"Portman Road Stadium","Tim Robinson",NA,"https://fbref.com/en/matches/ed8f93a0/Ipswich-Town-Leicester-City-November-2-2024-Premier-League"
"16","Premier League","M","ENG",2025,NA,"10","Sat",2024-11-02,"15:00","Bournemouth",2,2,"Manchester City",1,1.6,11231,"Vitality Stadium","Michael Oliver",NA,"https://fbref.com/en/matches/ed970fef/Bournemouth-Manchester-City-November-2-2024-Premier-League"
"17","Premier League","M","ENG",2025,NA,"10","Sat",2024-11-02,"17:30","Wolves",2,1.5,"Crystal Palace",2,2.4,31124,"Molineux Stadium","Anthony Taylor",NA,"https://fbref.com/en/matches/a4251fae/Wolverhampton-Wanderers-Crystal-Palace-November-2-2024-Premier-League"
"18","Premier League","M","ENG",2025,NA,"10","Sun",2024-11-03,"14:00","Tottenham",4,2.4,"Aston Villa",1,1.8,61253,"Tottenham Hotspur Stadium","Craig Pawson",NA,"https://fbref.com/en/matches/8fa951f9/Tottenham-Hotspur-Aston-Villa-November-3-2024-Premier-League"
"19","Premier League","M","ENG",2025,NA,"10","Sun",2024-11-03,"16:30","Manchester Utd",1,2,"Chelsea",1,1.1,73813,"Old Trafford","Robert Jones",NA,"https://fbref.com/en/matches/1273ae28/Manchester-United-Chelsea-November-3-2024-Premier-League"
"20","Premier League","M","ENG",2025,NA,"10","Mon",2024-11-04,"20:00","Fulham",2,1.3,"Brentford",1,0.6,24931,"Craven Cottage","Stuart Attwell",NA,"https://fbref.com/en/matches/e1590847/Fulham-Brentford-November-4-2024-Premier-League"
"21","Premier League","M","ENG",2025,NA,"11","Sat",2024-11-09,"15:00","Brentford",3,1.5,"Bournemouth",2,2.6,16587,"Gtech Community Stadium","Darren Bond",NA,"https://fbref.com/en/matches/1c998ef5/Brentford-Bournemouth-November-9-2024-Premier-League"
"22","Premier League","M","ENG",2025,NA,"11","Sat",2024-11-09,"15:00","West Ham",0,0.8,"Everton",0,1.1,62463,"London Stadium","Stuart Attwell",NA,"https://fbref.com/en/matches/a4cf40b4/West-Ham-United-Everton-November-9-2024-Premier-League"
"23","Premier League","M","ENG",2025,NA,"11","Sat",2024-11-09,"15:00","Crystal Palace",0,1.5,"Fulham",2,1.8,25142,"Selhurst Park","Michael Salisbury",NA,"https://fbref.com/en/matches/d5015ba4/Crystal-Palace-Fulham-November-9-2024-Premier-League"
"24","Premier League","M","ENG",2025,NA,"11","Sat",2024-11-09,"15:00","Wolves",2,1.3,"Southampton",0,0.6,31403,"Molineux Stadium","Thomas Bramall",NA,"https://fbref.com/en/matches/dbec2d40/Wolverhampton-Wanderers-Southampton-November-9-2024-Premier-League"
"25","Premier League","M","ENG",2025,NA,"11","Sat",2024-11-09,"17:30","Brighton",2,2.3,"Manchester City",1,2.1,31715,"The American Express Stadium","Samuel Barrott",NA,"https://fbref.com/en/matches/62aa7905/Brighton-and-Hove-Albion-Manchester-City-November-9-2024-Premier-League"
"26","Premier League","M","ENG",2025,NA,"11","Sat",2024-11-09,"20:00","Liverpool",2,2,"Aston Villa",0,1.2,60292,"Anfield","David Coote",NA,"https://fbref.com/en/matches/737af5bf/Liverpool-Aston-Villa-November-9-2024-Premier-League"
"27","Premier League","M","ENG",2025,NA,"11","Sun",2024-11-10,"14:00","Manchester Utd",3,0.8,"Leicester City",0,0.6,73829,"Old Trafford","Peter Bankes",NA,"https://fbref.com/en/matches/35888afe/Manchester-United-Leicester-City-November-10-2024-Premier-League"
"28","Premier League","M","ENG",2025,NA,"11","Sun",2024-11-10,"14:00","Nott'ham Forest",1,0.6,"Newcastle Utd",3,1.6,30145,"The City Ground","Anthony Taylor",NA,"https://fbref.com/en/matches/a41ce5c3/Nottingham-Forest-Newcastle-United-November-10-2024-Premier-League"
"29","Premier League","M","ENG",2025,NA,"11","Sun",2024-11-10,"14:00","Tottenham",1,1.5,"Ipswich Town",2,1.6,61505,"Tottenham Hotspur Stadium","Darren England",NA,"https://fbref.com/en/matches/f9b9c3c4/Tottenham-Hotspur-Ipswich-Town-November-10-2024-Premier-League"
"30","Premier League","M","ENG",2025,NA,"11","Sun",2024-11-10,"16:30","Chelsea",1,1.5,"Arsenal",1,1.5,39780,"Stamford Bridge","Michael Oliver",NA,"https://fbref.com/en/matches/2874d56e/North-West-London-Derby-Chelsea-Arsenal-November-10-2024-Premier-League"
"31","Premier League","M","ENG",2025,NA,"12","Sat",2024-11-23,"12:30","Leicester City",1,1.1,"Chelsea",2,2.7,31880,"King Power Stadium","Andy Madley",NA,"https://fbref.com/en/matches/bb885467/Leicester-City-Chelsea-November-23-2024-Premier-League"
"32","Premier League","M","ENG",2025,NA,"12","Sat",2024-11-23,"15:00","Arsenal",3,1.2,"Nott'ham Forest",0,0.3,60298,"Emirates Stadium","Simon Hooper",NA,"https://fbref.com/en/matches/0cb4129b/Arsenal-Nottingham-Forest-November-23-2024-Premier-League"
"33","Premier League","M","ENG",2025,NA,"12","Sat",2024-11-23,"15:00","Bournemouth",1,1.6,"Brighton",2,0.9,11196,"Vitality Stadium","Stuart Attwell",NA,"https://fbref.com/en/matches/4708a5bf/Bournemouth-Brighton-and-Hove-Albion-November-23-2024-Premier-League"
"34","Premier League","M","ENG",2025,NA,"12","Sat",2024-11-23,"15:00","Aston Villa",2,3,"Crystal Palace",2,1.3,42175,"Villa Park","Tim Robinson",NA,"https://fbref.com/en/matches/bf2e07a1/Aston-Villa-Crystal-Palace-November-23-2024-Premier-League"
"35","Premier League","M","ENG",2025,NA,"12","Sat",2024-11-23,"15:00","Everton",0,1.2,"Brentford",0,1.1,38915,"Goodison Park","Chris Kavanagh",NA,"https://fbref.com/en/matches/dd7675a7/Everton-Brentford-November-23-2024-Premier-League"
"36","Premier League","M","ENG",2025,NA,"12","Sat",2024-11-23,"15:00","Fulham",1,1,"Wolves",4,1.3,26685,"Craven Cottage","Robert Jones",NA,"https://fbref.com/en/matches/ed24aeb8/Fulham-Wolverhampton-Wanderers-November-23-2024-Premier-League"
"37","Premier League","M","ENG",2025,NA,"12","Sat",2024-11-23,"17:30","Manchester City",0,2.1,"Tottenham",4,2.5,52478,"Etihad Stadium","John Brooks",NA,"https://fbref.com/en/matches/c48b896c/Manchester-City-Tottenham-Hotspur-November-23-2024-Premier-League"
"38","Premier League","M","ENG",2025,NA,"12","Sun",2024-11-24,"14:00","Southampton",2,1.3,"Liverpool",3,3.1,31278,"St Mary's Stadium","Samuel Barrott",NA,"https://fbref.com/en/matches/eb6f8e39/Southampton-Liverpool-November-24-2024-Premier-League"
"39","Premier League","M","ENG",2025,NA,"12","Sun",2024-11-24,"16:30","Ipswich Town",1,1.6,"Manchester Utd",1,0.8,30017,"Portman Road Stadium","Anthony Taylor",NA,"https://fbref.com/en/matches/db1e4ea5/Ipswich-Town-Manchester-United-November-24-2024-Premier-League"
"40","Premier League","M","ENG",2025,NA,"12","Mon",2024-11-25,"20:00","Newcastle Utd",0,1.6,"West Ham",2,0.9,52094,"St James' Park","Craig Pawson",NA,"https://fbref.com/en/matches/79f46eec/Newcastle-United-West-Ham-United-November-25-2024-Premier-League"
"41","Premier League","M","ENG",2025,NA,"13","Fri",2024-11-29,"20:00","Brighton",1,1.7,"Southampton",1,1,NA,"The American Express Stadium","Robert Jones",NA,"https://fbref.com/en/matches/d38c4a31/Brighton-and-Hove-Albion-Southampton-November-29-2024-Premier-League"
"42","Premier League","M","ENG",2025,NA,"13","Sat",2024-11-30,"15:00","Crystal Palace",1,1.7,"Newcastle Utd",1,0,25101,"Selhurst Park","Darren England",NA,"https://fbref.com/en/matches/a4f03af0/Crystal-Palace-Newcastle-United-November-30-2024-Premier-League"
"43","Premier League","M","ENG",2025,NA,"13","Sat",2024-11-30,"15:00","Wolves",2,0.5,"Bournemouth",4,3.3,NA,"Molineux Stadium","Peter Bankes",NA,"https://fbref.com/en/matches/adfb1b89/Wolverhampton-Wanderers-Bournemouth-November-30-2024-Premier-League"
"44","Premier League","M","ENG",2025,NA,"13","Sat",2024-11-30,"15:00","Nott'ham Forest",1,1.6,"Ipswich Town",0,0.6,NA,"The City Ground","Tony Harrington",NA,"https://fbref.com/en/matches/ddc8856c/Nottingham-Forest-Ipswich-Town-November-30-2024-Premier-League"
"45","Premier League","M","ENG",2025,NA,"13","Sat",2024-11-30,"15:00","Brentford",4,2.4,"Leicester City",1,1.1,17084,"Gtech Community Stadium","Michael Oliver",NA,"https://fbref.com/en/matches/f4f9a64f/Brentford-Leicester-City-November-30-2024-Premier-League"
"46","Premier League","M","ENG",2025,NA,"13","Sat",2024-11-30,"17:30","West Ham",2,1.5,"Arsenal",5,3.5,NA,"London Stadium","Anthony Taylor",NA,"https://fbref.com/en/matches/f78bee62/West-Ham-United-Arsenal-November-30-2024-Premier-League"
"47","Premier League","M","ENG",2025,NA,"13","Sun",2024-12-01,"13:30","Chelsea",3,1.6,"Aston Villa",0,1.2,NA,"Stamford Bridge","Stuart Attwell",NA,"https://fbref.com/en/matches/080b797b/Chelsea-Aston-Villa-December-1-2024-Premier-League"
"48","Premier League","M","ENG",2025,NA,"13","Sun",2024-12-01,"13:30","Tottenham",1,0.8,"Fulham",1,1.5,61141,"Tottenham Hotspur Stadium","Darren Bond",NA,"https://fbref.com/en/matches/9aaa6ed5/Tottenham-Hotspur-Fulham-December-1-2024-Premier-League"
"49","Premier League","M","ENG",2025,NA,"13","Sun",2024-12-01,"13:30","Manchester Utd",4,1.1,"Everton",0,0.6,73817,"Old Trafford","John Brooks",NA,"https://fbref.com/en/matches/e6eef20f/Manchester-United-Everton-December-1-2024-Premier-League"
"50","Premier League","M","ENG",2025,NA,"13","Sun",2024-12-01,"16:00","Liverpool",2,3.4,"Manchester City",0,0.8,60248,"Anfield","Chris Kavanagh",NA,"https://fbref.com/en/matches/0bd6ad44/Liverpool-Manchester-City-December-1-2024-Premier-League"
"51","Premier League","M","ENG",2025,NA,"14","Tue",2024-12-03,"19:30","Ipswich Town",NA,NA,"Crystal Palace",NA,NA,NA,"Portman Road Stadium","",NA,"https://fbref.com/en/stathead/matchup/teams/b74092de/47c64c55/Ipswich-Town-vs-Crystal-Palace-History"
"52","Premier League","M","ENG",2025,NA,"14","Tue",2024-12-03,"20:15","Leicester City",NA,NA,"West Ham",NA,NA,NA,"King Power Stadium","",NA,"https://fbref.com/en/stathead/matchup/teams/a2d435b3/7c21e445/Leicester-City-vs-West-Ham-United-History"
"53","Premier League","M","ENG",2025,NA,"14","Wed",2024-12-04,"19:30","Everton",NA,NA,"Wolves",NA,NA,NA,"Goodison Park","",NA,"https://fbref.com/en/stathead/matchup/teams/d3fd31cc/8cec06e1/Everton-vs-Wolverhampton-Wanderers-History"
"54","Premier League","M","ENG",2025,NA,"14","Wed",2024-12-04,"19:30","Newcastle Utd",NA,NA,"Liverpool",NA,NA,NA,"St James' Park","",NA,"https://fbref.com/en/stathead/matchup/teams/b2b47a98/822bd0ba/Newcastle-United-vs-Liverpool-History"
"55","Premier League","M","ENG",2025,NA,"14","Wed",2024-12-04,"19:30","Manchester City",NA,NA,"Nott'ham Forest",NA,NA,NA,"Etihad Stadium","",NA,"https://fbref.com/en/stathead/matchup/teams/e4a775cb/b8fd03ef/Nottingham-Forest-vs-Manchester-City-History"
"56","Premier League","M","ENG",2025,NA,"14","Wed",2024-12-04,"19:30","Southampton",NA,NA,"Chelsea",NA,NA,NA,"St Mary's Stadium","",NA,"https://fbref.com/en/stathead/matchup/teams/cff3d9bb/33c895d4/Chelsea-vs-Southampton-History"
"57","Premier League","M","ENG",2025,NA,"14","Wed",2024-12-04,"20:15","Arsenal",NA,NA,"Manchester Utd",NA,NA,NA,"Emirates Stadium","",NA,"https://fbref.com/en/stathead/matchup/teams/19538871/18bb7c10/Manchester-United-vs-Arsenal-History"
"58","Premier League","M","ENG",2025,NA,"14","Wed",2024-12-04,"20:15","Aston Villa",NA,NA,"Brentford",NA,NA,NA,"Villa Park","",NA,"https://fbref.com/en/stathead/matchup/teams/cd051869/8602292d/Brentford-vs-Aston-Villa-History"
"59","Premier League","M","ENG",2025,NA,"14","Thu",2024-12-05,"19:30","Fulham",NA,NA,"Brighton",NA,NA,NA,"Craven Cottage","",NA,"https://fbref.com/en/stathead/matchup/teams/fd962109/d07537b9/Fulham-vs-Brighton-and-Hove-Albion-History"
"60","Premier League","M","ENG",2025,NA,"14","Thu",2024-12-05,"20:15","Bournemouth",NA,NA,"Tottenham",NA,NA,NA,"Vitality Stadium","",NA,"https://fbref.com/en/stathead/matchup/teams/4ba7cbea/361ca564/Bournemouth-vs-Tottenham-Hotspur-History"
"61","Premier League","M","ENG",2025,NA,"15","Sat",2024-12-07,"12:30","Everton",NA,NA,"Liverpool",NA,NA,NA,"Goodison Park","",NA,"https://fbref.com/en/stathead/matchup/teams/d3fd31cc/822bd0ba/Merseyside-Derby-Everton-vs-Liverpool-History"
"62","Premier League","M","ENG",2025,NA,"15","Sat",2024-12-07,"15:00","Brentford",NA,NA,"Newcastle Utd",NA,NA,NA,"Gtech Community Stadium","",NA,"https://fbref.com/en/stathead/matchup/teams/cd051869/b2b47a98/Brentford-vs-Newcastle-United-History"
"63","Premier League","M","ENG",2025,NA,"15","Sat",2024-12-07,"15:00","Crystal Palace",NA,NA,"Manchester City",NA,NA,NA,"Selhurst Park","",NA,"https://fbref.com/en/stathead/matchup/teams/b8fd03ef/47c64c55/Manchester-City-vs-Crystal-Palace-History"
"64","Premier League","M","ENG",2025,NA,"15","Sat",2024-12-07,"15:00","Aston Villa",NA,NA,"Southampton",NA,NA,NA,"Villa Park","",NA,"https://fbref.com/en/stathead/matchup/teams/8602292d/33c895d4/Aston-Villa-vs-Southampton-History"
"65","Premier League","M","ENG",2025,NA,"15","Sat",2024-12-07,"17:30","Manchester Utd",NA,NA,"Nott'ham Forest",NA,NA,NA,"Old Trafford","",NA,"https://fbref.com/en/stathead/matchup/teams/e4a775cb/19538871/Nottingham-Forest-vs-Manchester-United-History"
"66","Premier League","M","ENG",2025,NA,"15","Sun",2024-12-08,"14:00","Fulham",NA,NA,"Arsenal",NA,NA,NA,"Craven Cottage","",NA,"https://fbref.com/en/stathead/matchup/teams/fd962109/18bb7c10/Fulham-vs-Arsenal-History"
"67","Premier League","M","ENG",2025,NA,"15","Sun",2024-12-08,"14:00","Ipswich Town",NA,NA,"Bournemouth",NA,NA,NA,"Portman Road Stadium","",NA,"https://fbref.com/en/stathead/matchup/teams/b74092de/4ba7cbea/Ipswich-Town-vs-Bournemouth-History"
"68","Premier League","M","ENG",2025,NA,"15","Sun",2024-12-08,"14:00","Leicester City",NA,NA,"Brighton",NA,NA,NA,"King Power Stadium","",NA,"https://fbref.com/en/stathead/matchup/teams/d07537b9/a2d435b3/Brighton-and-Hove-Albion-vs-Leicester-City-History"
"69","Premier League","M","ENG",2025,NA,"15","Sun",2024-12-08,"16:30","Tottenham",NA,NA,"Chelsea",NA,NA,NA,"Tottenham Hotspur Stadium","",NA,"https://fbref.com/en/stathead/matchup/teams/cff3d9bb/361ca564/Chelsea-vs-Tottenham-Hotspur-History"
"70","Premier League","M","ENG",2025,NA,"15","Mon",2024-12-09,"20:00","West Ham",NA,NA,"Wolves",NA,NA,NA,"London Stadium","",NA,"https://fbref.com/en/stathead/matchup/teams/8cec06e1/7c21e445/Wolverhampton-Wanderers-vs-West-Ham-United-History"
"71","Premier League","M","ENG",2025,NA,"16","Sat",2024-12-14,"15:00","Newcastle Utd",NA,NA,"Leicester City",NA,NA,NA,"St James' Park","",NA,"https://fbref.com/en/stathead/matchup/teams/b2b47a98/a2d435b3/Newcastle-United-vs-Leicester-City-History"
"72","Premier League","M","ENG",2025,NA,"16","Sat",2024-12-14,"15:00","Arsenal",NA,NA,"Everton",NA,NA,NA,"Emirates Stadium","",NA,"https://fbref.com/en/stathead/matchup/teams/d3fd31cc/18bb7c10/Everton-vs-Arsenal-History"
"73","Premier League","M","ENG",2025,NA,"16","Sat",2024-12-14,"15:00","Wolves",NA,NA,"Ipswich Town",NA,NA,NA,"Molineux Stadium","",NA,"https://fbref.com/en/stathead/matchup/teams/b74092de/8cec06e1/Ipswich-Town-vs-Wolverhampton-Wanderers-History"
"74","Premier League","M","ENG",2025,NA,"16","Sat",2024-12-14,"15:00","Liverpool",NA,NA,"Fulham",NA,NA,NA,"Anfield","",NA,"https://fbref.com/en/stathead/matchup/teams/fd962109/822bd0ba/Fulham-vs-Liverpool-History"
"75","Premier League","M","ENG",2025,NA,"16","Sat",2024-12-14,"17:30","Nott'ham Forest",NA,NA,"Aston Villa",NA,NA,NA,"The City Ground","",NA,"https://fbref.com/en/stathead/matchup/teams/e4a775cb/8602292d/Nottingham-Forest-vs-Aston-Villa-History"
"76","Premier League","M","ENG",2025,NA,"16","Sun",2024-12-15,"14:00","Brighton",NA,NA,"Crystal Palace",NA,NA,NA,"The American Express Stadium","",NA,"https://fbref.com/en/stathead/matchup/teams/d07537b9/47c64c55/Brighton-and-Hove-Albion-vs-Crystal-Palace-History"
"77","Premier League","M","ENG",2025,NA,"16","Sun",2024-12-15,"16:30","Manchester City",NA,NA,"Manchester Utd",NA,NA,NA,"Etihad Stadium","",NA,"https://fbref.com/en/stathead/matchup/teams/b8fd03ef/19538871/Manchester-Derby-Manchester-City-vs-Manchester-United-History"
"78","Premier League","M","ENG",2025,NA,"16","Sun",2024-12-15,"19:00","Southampton",NA,NA,"Tottenham",NA,NA,NA,"St Mary's Stadium","",NA,"https://fbref.com/en/stathead/matchup/teams/361ca564/33c895d4/Tottenham-Hotspur-vs-Southampton-History"
"79","Premier League","M","ENG",2025,NA,"16","Sun",2024-12-15,"19:00","Chelsea",NA,NA,"Brentford",NA,NA,NA,"Stamford Bridge","",NA,"https://fbref.com/en/stathead/matchup/teams/cff3d9bb/cd051869/Chelsea-vs-Brentford-History"
"80","Premier League","M","ENG",2025,NA,"16","Mon",2024-12-16,"20:00","Bournemouth",NA,NA,"West Ham",NA,NA,NA,"Vitality Stadium","",NA,"https://fbref.com/en/stathead/matchup/teams/7c21e445/4ba7cbea/West-Ham-United-vs-Bournemouth-History"
"81","Premier League","M","ENG",2025,NA,"17","Sat",2024-12-21,"12:30","Aston Villa",NA,NA,"Manchester City",NA,NA,NA,"Villa Park","",NA,"https://fbref.com/en/stathead/matchup/teams/b8fd03ef/8602292d/Manchester-City-vs-Aston-Villa-History"
"82","Premier League","M","ENG",2025,NA,"17","Sat",2024-12-21,"15:00","West Ham",NA,NA,"Brighton",NA,NA,NA,"London Stadium","",NA,"https://fbref.com/en/stathead/matchup/teams/d07537b9/7c21e445/Brighton-and-Hove-Albion-vs-West-Ham-United-History"
"83","Premier League","M","ENG",2025,NA,"17","Sat",2024-12-21,"15:00","Brentford",NA,NA,"Nott'ham Forest",NA,NA,NA,"Gtech Community Stadium","",NA,"https://fbref.com/en/stathead/matchup/teams/e4a775cb/cd051869/Nottingham-Forest-vs-Brentford-History"
"84","Premier League","M","ENG",2025,NA,"17","Sat",2024-12-21,"15:00","Ipswich Town",NA,NA,"Newcastle Utd",NA,NA,NA,"Portman Road Stadium","",NA,"https://fbref.com/en/stathead/matchup/teams/b74092de/b2b47a98/Ipswich-Town-vs-Newcastle-United-History"
"85","Premier League","M","ENG",2025,NA,"17","Sat",2024-12-21,"17:30","Crystal Palace",NA,NA,"Arsenal",NA,NA,NA,"Selhurst Park","",NA,"https://fbref.com/en/stathead/matchup/teams/47c64c55/18bb7c10/Crystal-Palace-vs-Arsenal-History"
"86","Premier League","M","ENG",2025,NA,"17","Sun",2024-12-22,"14:00","Manchester Utd",NA,NA,"Bournemouth",NA,NA,NA,"Old Trafford","",NA,"https://fbref.com/en/stathead/matchup/teams/4ba7cbea/19538871/Bournemouth-vs-Manchester-United-History"
"87","Premier League","M","ENG",2025,NA,"17","Sun",2024-12-22,"14:00","Fulham",NA,NA,"Southampton",NA,NA,NA,"Craven Cottage","",NA,"https://fbref.com/en/stathead/matchup/teams/fd962109/33c895d4/Fulham-vs-Southampton-History"
"88","Premier League","M","ENG",2025,NA,"17","Sun",2024-12-22,"14:00","Everton",NA,NA,"Chelsea",NA,NA,NA,"Goodison Park","",NA,"https://fbref.com/en/stathead/matchup/teams/d3fd31cc/cff3d9bb/Everton-vs-Chelsea-History"
"89","Premier League","M","ENG",2025,NA,"17","Sun",2024-12-22,"14:00","Leicester City",NA,NA,"Wolves",NA,NA,NA,"King Power Stadium","",NA,"https://fbref.com/en/stathead/matchup/teams/a2d435b3/8cec06e1/Leicester-City-vs-Wolverhampton-Wanderers-History"
"90","Premier League","M","ENG",2025,NA,"17","Sun",2024-12-22,"16:30","Tottenham",NA,NA,"Liverpool",NA,NA,NA,"Tottenham Hotspur Stadium","",NA,"https://fbref.com/en/stathead/matchup/teams/822bd0ba/361ca564/Liverpool-vs-Tottenham-Hotspur-History"
"91","Premier League","M","ENG",2025,NA,"18","Thu",2024-12-26,"12:30","Manchester City",NA,NA,"Everton",NA,NA,NA,"Etihad Stadium","",NA,"https://fbref.com/en/stathead/matchup/teams/d3fd31cc/b8fd03ef/Everton-vs-Manchester-City-History"
"92","Premier League","M","ENG",2025,NA,"18","Thu",2024-12-26,"15:00","Chelsea",NA,NA,"Fulham",NA,NA,NA,"Stamford Bridge","",NA,"https://fbref.com/en/stathead/matchup/teams/fd962109/cff3d9bb/Fulham-vs-Chelsea-History"
"93","Premier League","M","ENG",2025,NA,"18","Thu",2024-12-26,"15:00","Southampton",NA,NA,"West Ham",NA,NA,NA,"St Mary's Stadium","",NA,"https://fbref.com/en/stathead/matchup/teams/7c21e445/33c895d4/West-Ham-United-vs-Southampton-History"
"94","Premier League","M","ENG",2025,NA,"18","Thu",2024-12-26,"15:00","Bournemouth",NA,NA,"Crystal Palace",NA,NA,NA,"Vitality Stadium","",NA,"https://fbref.com/en/stathead/matchup/teams/4ba7cbea/47c64c55/Bournemouth-vs-Crystal-Palace-History"
"95","Premier League","M","ENG",2025,NA,"18","Thu",2024-12-26,"15:00","Newcastle Utd",NA,NA,"Aston Villa",NA,NA,NA,"St James' Park","",NA,"https://fbref.com/en/stathead/matchup/teams/b2b47a98/8602292d/Newcastle-United-vs-Aston-Villa-History"
"96","Premier League","M","ENG",2025,NA,"18","Thu",2024-12-26,"15:00","Nott'ham Forest",NA,NA,"Tottenham",NA,NA,NA,"The City Ground","",NA,"https://fbref.com/en/stathead/matchup/teams/e4a775cb/361ca564/Nottingham-Forest-vs-Tottenham-Hotspur-History"
"97","Premier League","M","ENG",2025,NA,"18","Thu",2024-12-26,"17:30","Wolves",NA,NA,"Manchester Utd",NA,NA,NA,"Molineux Stadium","",NA,"https://fbref.com/en/stathead/matchup/teams/8cec06e1/19538871/Wolverhampton-Wanderers-vs-Manchester-United-History"
"98","Premier League","M","ENG",2025,NA,"18","Thu",2024-12-26,"20:00","Liverpool",NA,NA,"Leicester City",NA,NA,NA,"Anfield","",NA,"https://fbref.com/en/stathead/matchup/teams/a2d435b3/822bd0ba/Leicester-City-vs-Liverpool-History"
"99","Premier League","M","ENG",2025,NA,"18","Fri",2024-12-27,"19:30","Brighton",NA,NA,"Brentford",NA,NA,NA,"The American Express Stadium","",NA,"https://fbref.com/en/stathead/matchup/teams/d07537b9/cd051869/Brighton-and-Hove-Albion-vs-Brentford-History"
"100","Premier League","M","ENG",2025,NA,"18","Fri",2024-12-27,"20:15","Arsenal",NA,NA,"Ipswich Town",NA,NA,NA,"Emirates Stadium","",NA,"https://fbref.com/en/stathead/matchup/teams/b74092de/18bb7c10/Ipswich-Town-vs-Arsenal-History"
"101","Premier League","M","ENG",2025,NA,"19","Sun",2024-12-29,"14:30","Leicester City",NA,NA,"Manchester City",NA,NA,NA,"King Power Stadium","",NA,"https://fbref.com/en/stathead/matchup/teams/b8fd03ef/a2d435b3/Manchester-City-vs-Leicester-City-History"
"102","Premier League","M","ENG",2025,NA,"19","Sun",2024-12-29,"15:00","Tottenham",NA,NA,"Wolves",NA,NA,NA,"Tottenham Hotspur Stadium","",NA,"https://fbref.com/en/stathead/matchup/teams/8cec06e1/361ca564/Wolverhampton-Wanderers-vs-Tottenham-Hotspur-History"
"103","Premier League","M","ENG",2025,NA,"19","Sun",2024-12-29,"15:00","Fulham",NA,NA,"Bournemouth",NA,NA,NA,"Craven Cottage","",NA,"https://fbref.com/en/stathead/matchup/teams/fd962109/4ba7cbea/Fulham-vs-Bournemouth-History"
"104","Premier League","M","ENG",2025,NA,"19","Sun",2024-12-29,"15:00","Everton",NA,NA,"Nott'ham Forest",NA,NA,NA,"Goodison Park","",NA,"https://fbref.com/en/stathead/matchup/teams/e4a775cb/d3fd31cc/Nottingham-Forest-vs-Everton-History"
"105","Premier League","M","ENG",2025,NA,"19","Sun",2024-12-29,"15:00","Crystal Palace",NA,NA,"Southampton",NA,NA,NA,"Selhurst Park","",NA,"https://fbref.com/en/stathead/matchup/teams/47c64c55/33c895d4/Crystal-Palace-vs-Southampton-History"
"106","Premier League","M","ENG",2025,NA,"19","Sun",2024-12-29,"17:15","West Ham",NA,NA,"Liverpool",NA,NA,NA,"London Stadium","",NA,"https://fbref.com/en/stathead/matchup/teams/822bd0ba/7c21e445/Liverpool-vs-West-Ham-United-History"
"107","Premier League","M","ENG",2025,NA,"19","Mon",2024-12-30,"19:45","Aston Villa",NA,NA,"Brighton",NA,NA,NA,"Villa Park","",NA,"https://fbref.com/en/stathead/matchup/teams/d07537b9/8602292d/Brighton-and-Hove-Albion-vs-Aston-Villa-History"
"108","Premier League","M","ENG",2025,NA,"19","Mon",2024-12-30,"19:45","Ipswich Town",NA,NA,"Chelsea",NA,NA,NA,"Portman Road Stadium","",NA,"https://fbref.com/en/stathead/matchup/teams/cff3d9bb/b74092de/Chelsea-vs-Ipswich-Town-History"
"109","Premier League","M","ENG",2025,NA,"19","Mon",2024-12-30,"20:00","Manchester Utd",NA,NA,"Newcastle Utd",NA,NA,NA,"Old Trafford","",NA,"https://fbref.com/en/stathead/matchup/teams/b2b47a98/19538871/Newcastle-United-vs-Manchester-United-History"
"110","Premier League","M","ENG",2025,NA,"19","Wed",2025-01-01,"17:30","Brentford",NA,NA,"Arsenal",NA,NA,NA,"Gtech Community Stadium","",NA,"https://fbref.com/en/stathead/matchup/teams/cd051869/18bb7c10/Brentford-vs-Arsenal-History"
"111","Premier League","M","ENG",2025,NA,"2","Sat",2024-08-24,"12:30","Brighton",2,2.1,"Manchester Utd",1,1.4,31537,"The American Express Stadium","Craig Pawson",NA,"https://fbref.com/en/matches/fc8ab8b2/Brighton-and-Hove-Albion-Manchester-United-August-24-2024-Premier-League"
"112","Premier League","M","ENG",2025,NA,"2","Sat",2024-08-24,"15:00","Tottenham",4,2.4,"Everton",0,1,61357,"Tottenham Hotspur Stadium","Anthony Taylor",NA,"https://fbref.com/en/matches/1eef1717/Tottenham-Hotspur-Everton-August-24-2024-Premier-League"
"113","Premier League","M","ENG",2025,NA,"2","Sat",2024-08-24,"15:00","Fulham",2,1.8,"Leicester City",1,0.6,25401,"Craven Cottage","Darren Bond",NA,"https://fbref.com/en/matches/4d0079fb/Fulham-Leicester-City-August-24-2024-Premier-League"
"114","Premier League","M","ENG",2025,NA,"2","Sat",2024-08-24,"15:00","Crystal Palace",0,1.3,"West Ham",2,1.4,25099,"Selhurst Park","Robert Jones",NA,"https://fbref.com/en/matches/540cfb68/Crystal-Palace-West-Ham-United-August-24-2024-Premier-League"
"115","Premier League","M","ENG",2025,NA,"2","Sat",2024-08-24,"15:00","Manchester City",4,3.3,"Ipswich Town",1,0.3,53147,"Etihad Stadium","Samuel Allison",NA,"https://fbref.com/en/matches/a24b7a43/Manchester-City-Ipswich-Town-August-24-2024-Premier-League"
"116","Premier League","M","ENG",2025,NA,"2","Sat",2024-08-24,"15:00","Southampton",0,0.1,"Nott'ham Forest",1,2.2,31150,"St Mary's Stadium","Samuel Barrott",NA,"https://fbref.com/en/matches/a641f3a0/Southampton-Nottingham-Forest-August-24-2024-Premier-League"
"117","Premier League","M","ENG",2025,NA,"2","Sat",2024-08-24,"17:30","Aston Villa",0,1.2,"Arsenal",2,0.9,41587,"Villa Park","Michael Oliver",NA,"https://fbref.com/en/matches/4692171a/Aston-Villa-Arsenal-August-24-2024-Premier-League"
"118","Premier League","M","ENG",2025,NA,"2","Sun",2024-08-25,"14:00","Bournemouth",1,2.2,"Newcastle Utd",1,1.6,11161,"Vitality Stadium","David Coote",NA,"https://fbref.com/en/matches/1934f267/Bournemouth-Newcastle-United-August-25-2024-Premier-League"
"119","Premier League","M","ENG",2025,NA,"2","Sun",2024-08-25,"14:00","Wolves",2,1.9,"Chelsea",6,1.6,31235,"Molineux Stadium","Darren England",NA,"https://fbref.com/en/matches/e76c15c9/Wolverhampton-Wanderers-Chelsea-August-25-2024-Premier-League"
"120","Premier League","M","ENG",2025,NA,"2","Sun",2024-08-25,"16:30","Liverpool",2,2.5,"Brentford",0,0.5,60017,"Anfield","Stuart Attwell",NA,"https://fbref.com/en/matches/09b1742e/Liverpool-Brentford-August-25-2024-Premier-League"
"121","Premier League","M","ENG",2025,NA,"20","Sat",2025-01-04,"12:30","Tottenham",NA,NA,"Newcastle Utd",NA,NA,NA,"Tottenham Hotspur Stadium","",NA,"https://fbref.com/en/stathead/matchup/teams/b2b47a98/361ca564/Newcastle-United-vs-Tottenham-Hotspur-History"
"122","Premier League","M","ENG",2025,NA,"20","Sat",2025-01-04,"15:00","Southampton",NA,NA,"Brentford",NA,NA,NA,"St Mary's Stadium","",NA,"https://fbref.com/en/stathead/matchup/teams/cd051869/33c895d4/Brentford-vs-Southampton-History"
"123","Premier League","M","ENG",2025,NA,"20","Sat",2025-01-04,"15:00","Bournemouth",NA,NA,"Everton",NA,NA,NA,"Vitality Stadium","",NA,"https://fbref.com/en/stathead/matchup/teams/d3fd31cc/4ba7cbea/Everton-vs-Bournemouth-History"
"124","Premier League","M","ENG",2025,NA,"20","Sat",2025-01-04,"15:00","Crystal Palace",NA,NA,"Chelsea",NA,NA,NA,"Selhurst Park","",NA,"https://fbref.com/en/stathead/matchup/teams/cff3d9bb/47c64c55/Chelsea-vs-Crystal-Palace-History"
"125","Premier League","M","ENG",2025,NA,"20","Sat",2025-01-04,"15:00","Manchester City",NA,NA,"West Ham",NA,NA,NA,"Etihad Stadium","",NA,"https://fbref.com/en/stathead/matchup/teams/b8fd03ef/7c21e445/Manchester-City-vs-West-Ham-United-History"
"126","Premier League","M","ENG",2025,NA,"20","Sat",2025-01-04,"15:00","Aston Villa",NA,NA,"Leicester City",NA,NA,NA,"Villa Park","",NA,"https://fbref.com/en/stathead/matchup/teams/a2d435b3/8602292d/Leicester-City-vs-Aston-Villa-History"
"127","Premier League","M","ENG",2025,NA,"20","Sat",2025-01-04,"17:30","Brighton",NA,NA,"Arsenal",NA,NA,NA,"The American Express Stadium","",NA,"https://fbref.com/en/stathead/matchup/teams/d07537b9/18bb7c10/Brighton-and-Hove-Albion-vs-Arsenal-History"
"128","Premier League","M","ENG",2025,NA,"20","Sun",2025-01-05,"14:00","Fulham",NA,NA,"Ipswich Town",NA,NA,NA,"Craven Cottage","",NA,"https://fbref.com/en/stathead/matchup/teams/fd962109/b74092de/Fulham-vs-Ipswich-Town-History"
"129","Premier League","M","ENG",2025,NA,"20","Sun",2025-01-05,"16:30","Liverpool",NA,NA,"Manchester Utd",NA,NA,NA,"Anfield","",NA,"https://fbref.com/en/stathead/matchup/teams/822bd0ba/19538871/North-West-Derby-Liverpool-vs-Manchester-United-History"
"130","Premier League","M","ENG",2025,NA,"20","Mon",2025-01-06,"20:00","Wolves",NA,NA,"Nott'ham Forest",NA,NA,NA,"Molineux Stadium","",NA,"https://fbref.com/en/stathead/matchup/teams/e4a775cb/8cec06e1/Nottingham-Forest-vs-Wolverhampton-Wanderers-History"
"131","Premier League","M","ENG",2025,NA,"21","Tue",2025-01-14,"19:30","Brentford",NA,NA,"Manchester City",NA,NA,NA,"Gtech Community Stadium","",NA,"https://fbref.com/en/stathead/matchup/teams/cd051869/b8fd03ef/Brentford-vs-Manchester-City-History"
"132","Premier League","M","ENG",2025,NA,"21","Tue",2025-01-14,"19:30","West Ham",NA,NA,"Fulham",NA,NA,NA,"London Stadium","",NA,"https://fbref.com/en/stathead/matchup/teams/fd962109/7c21e445/Fulham-vs-West-Ham-United-History"
"133","Premier League","M","ENG",2025,NA,"21","Tue",2025-01-14,"19:30","Chelsea",NA,NA,"Bournemouth",NA,NA,NA,"Stamford Bridge","",NA,"https://fbref.com/en/stathead/matchup/teams/cff3d9bb/4ba7cbea/Chelsea-vs-Bournemouth-History"
"134","Premier League","M","ENG",2025,NA,"21","Tue",2025-01-14,"20:00","Nott'ham Forest",NA,NA,"Liverpool",NA,NA,NA,"The City Ground","",NA,"https://fbref.com/en/stathead/matchup/teams/e4a775cb/822bd0ba/Nottingham-Forest-vs-Liverpool-History"
"135","Premier League","M","ENG",2025,NA,"21","Wed",2025-01-15,"19:30","Everton",NA,NA,"Aston Villa",NA,NA,NA,"Goodison Park","",NA,"https://fbref.com/en/stathead/matchup/teams/d3fd31cc/8602292d/Everton-vs-Aston-Villa-History"
"136","Premier League","M","ENG",2025,NA,"21","Wed",2025-01-15,"19:30","Newcastle Utd",NA,NA,"Wolves",NA,NA,NA,"St James' Park","",NA,"https://fbref.com/en/stathead/matchup/teams/b2b47a98/8cec06e1/Newcastle-United-vs-Wolverhampton-Wanderers-History"
"137","Premier League","M","ENG",2025,NA,"21","Wed",2025-01-15,"19:30","Leicester City",NA,NA,"Crystal Palace",NA,NA,NA,"King Power Stadium","",NA,"https://fbref.com/en/stathead/matchup/teams/a2d435b3/47c64c55/Leicester-City-vs-Crystal-Palace-History"
"138","Premier League","M","ENG",2025,NA,"21","Wed",2025-01-15,"20:00","Arsenal",NA,NA,"Tottenham",NA,NA,NA,"Emirates Stadium","",NA,"https://fbref.com/en/stathead/matchup/teams/361ca564/18bb7c10/North-London-Derby-Tottenham-Hotspur-vs-Arsenal-History"
"139","Premier League","M","ENG",2025,NA,"21","Thu",2025-01-16,"19:30","Ipswich Town",NA,NA,"Brighton",NA,NA,NA,"Portman Road Stadium","",NA,"https://fbref.com/en/stathead/matchup/teams/d07537b9/b74092de/Brighton-and-Hove-Albion-vs-Ipswich-Town-History"
"140","Premier League","M","ENG",2025,NA,"21","Thu",2025-01-16,"20:00","Manchester Utd",NA,NA,"Southampton",NA,NA,NA,"Old Trafford","",NA,"https://fbref.com/en/stathead/matchup/teams/33c895d4/19538871/Southampton-vs-Manchester-United-History"
"141","Premier League","M","ENG",2025,NA,"22","Sat",2025-01-18,"12:30","Newcastle Utd",NA,NA,"Bournemouth",NA,NA,NA,"St James' Park","",NA,"https://fbref.com/en/stathead/matchup/teams/b2b47a98/4ba7cbea/Newcastle-United-vs-Bournemouth-History"
"142","Premier League","M","ENG",2025,NA,"22","Sat",2025-01-18,"15:00","West Ham",NA,NA,"Crystal Palace",NA,NA,NA,"London Stadium","",NA,"https://fbref.com/en/stathead/matchup/teams/7c21e445/47c64c55/West-Ham-United-vs-Crystal-Palace-History"
"143","Premier League","M","ENG",2025,NA,"22","Sat",2025-01-18,"15:00","Brentford",NA,NA,"Liverpool",NA,NA,NA,"Gtech Community Stadium","",NA,"https://fbref.com/en/stathead/matchup/teams/cd051869/822bd0ba/Brentford-vs-Liverpool-History"
"144","Premier League","M","ENG",2025,NA,"22","Sat",2025-01-18,"15:00","Leicester City",NA,NA,"Fulham",NA,NA,NA,"King Power Stadium","",NA,"https://fbref.com/en/stathead/matchup/teams/fd962109/a2d435b3/Fulham-vs-Leicester-City-History"
"145","Premier League","M","ENG",2025,NA,"22","Sat",2025-01-18,"17:30","Arsenal",NA,NA,"Aston Villa",NA,NA,NA,"Emirates Stadium","",NA,"https://fbref.com/en/stathead/matchup/teams/8602292d/18bb7c10/Aston-Villa-vs-Arsenal-History"
"146","Premier League","M","ENG",2025,NA,"22","Sun",2025-01-19,"14:00","Manchester Utd",NA,NA,"Brighton",NA,NA,NA,"Old Trafford","",NA,"https://fbref.com/en/stathead/matchup/teams/d07537b9/19538871/Brighton-and-Hove-Albion-vs-Manchester-United-History"
"147","Premier League","M","ENG",2025,NA,"22","Sun",2025-01-19,"14:00","Nott'ham Forest",NA,NA,"Southampton",NA,NA,NA,"The City Ground","",NA,"https://fbref.com/en/stathead/matchup/teams/e4a775cb/33c895d4/Nottingham-Forest-vs-Southampton-History"
"148","Premier League","M","ENG",2025,NA,"22","Sun",2025-01-19,"14:00","Everton",NA,NA,"Tottenham",NA,NA,NA,"Goodison Park","",NA,"https://fbref.com/en/stathead/matchup/teams/d3fd31cc/361ca564/Everton-vs-Tottenham-Hotspur-History"
"149","Premier League","M","ENG",2025,NA,"22","Sun",2025-01-19,"16:30","Ipswich Town",NA,NA,"Manchester City",NA,NA,NA,"Portman Road Stadium","",NA,"https://fbref.com/en/stathead/matchup/teams/b8fd03ef/b74092de/Manchester-City-vs-Ipswich-Town-History"
"150","Premier League","M","ENG",2025,NA,"22","Mon",2025-01-20,"20:00","Chelsea",NA,NA,"Wolves",NA,NA,NA,"Stamford Bridge","",NA,"https://fbref.com/en/stathead/matchup/teams/cff3d9bb/8cec06e1/Chelsea-vs-Wolverhampton-Wanderers-History"
"151","Premier League","M","ENG",2025,NA,"23","Sat",2025-01-25,"15:00","Wolves",NA,NA,"Arsenal",NA,NA,NA,"Molineux Stadium","",NA,"https://fbref.com/en/stathead/matchup/teams/8cec06e1/18bb7c10/Wolverhampton-Wanderers-vs-Arsenal-History"
"152","Premier League","M","ENG",2025,NA,"23","Sat",2025-01-25,"15:00","Southampton",NA,NA,"Newcastle Utd",NA,NA,NA,"St Mary's Stadium","",NA,"https://fbref.com/en/stathead/matchup/teams/b2b47a98/33c895d4/Newcastle-United-vs-Southampton-History"
"153","Premier League","M","ENG",2025,NA,"23","Sat",2025-01-25,"15:00","Brighton",NA,NA,"Everton",NA,NA,NA,"The American Express Stadium","",NA,"https://fbref.com/en/stathead/matchup/teams/d3fd31cc/d07537b9/Everton-vs-Brighton-and-Hove-Albion-History"
"154","Premier League","M","ENG",2025,NA,"23","Sat",2025-01-25,"15:00","Liverpool",NA,NA,"Ipswich Town",NA,NA,NA,"Anfield","",NA,"https://fbref.com/en/stathead/matchup/teams/b74092de/822bd0ba/Ipswich-Town-vs-Liverpool-History"
"155","Premier League","M","ENG",2025,NA,"23","Sat",2025-01-25,"15:00","Bournemouth",NA,NA,"Nott'ham Forest",NA,NA,NA,"Vitality Stadium","",NA,"https://fbref.com/en/stathead/matchup/teams/e4a775cb/4ba7cbea/Nottingham-Forest-vs-Bournemouth-History"
"156","Premier League","M","ENG",2025,NA,"23","Sat",2025-01-25,"17:30","Manchester City",NA,NA,"Chelsea",NA,NA,NA,"Etihad Stadium","",NA,"https://fbref.com/en/stathead/matchup/teams/cff3d9bb/b8fd03ef/Chelsea-vs-Manchester-City-History"
"157","Premier League","M","ENG",2025,NA,"23","Sun",2025-01-26,"14:00","Crystal Palace",NA,NA,"Brentford",NA,NA,NA,"Selhurst Park","",NA,"https://fbref.com/en/stathead/matchup/teams/cd051869/47c64c55/Brentford-vs-Crystal-Palace-History"
"158","Premier League","M","ENG",2025,NA,"23","Sun",2025-01-26,"14:00","Tottenham",NA,NA,"Leicester City",NA,NA,NA,"Tottenham Hotspur Stadium","",NA,"https://fbref.com/en/stathead/matchup/teams/a2d435b3/361ca564/Leicester-City-vs-Tottenham-Hotspur-History"
"159","Premier League","M","ENG",2025,NA,"23","Sun",2025-01-26,"16:30","Aston Villa",NA,NA,"West Ham",NA,NA,NA,"Villa Park","",NA,"https://fbref.com/en/stathead/matchup/teams/8602292d/7c21e445/Aston-Villa-vs-West-Ham-United-History"
"160","Premier League","M","ENG",2025,NA,"23","Sun",2025-01-26,"19:00","Fulham",NA,NA,"Manchester Utd",NA,NA,NA,"Craven Cottage","",NA,"https://fbref.com/en/stathead/matchup/teams/fd962109/19538871/Fulham-vs-Manchester-United-History"
"161","Premier League","M","ENG",2025,NA,"24","Sat",2025-02-01,"15:00","Ipswich Town",NA,NA,"Southampton",NA,NA,NA,"Portman Road Stadium","",NA,"https://fbref.com/en/stathead/matchup/teams/b74092de/33c895d4/Ipswich-Town-vs-Southampton-History"
"162","Premier League","M","ENG",2025,NA,"24","Sat",2025-02-01,"15:00","Arsenal",NA,NA,"Manchester City",NA,NA,NA,"Emirates Stadium","",NA,"https://fbref.com/en/stathead/matchup/teams/b8fd03ef/18bb7c10/Manchester-City-vs-Arsenal-History"
"163","Premier League","M","ENG",2025,NA,"24","Sat",2025-02-01,"15:00","Everton",NA,NA,"Leicester City",NA,NA,NA,"Goodison Park","",NA,"https://fbref.com/en/stathead/matchup/teams/d3fd31cc/a2d435b3/Everton-vs-Leicester-City-History"
"164","Premier League","M","ENG",2025,NA,"24","Sat",2025-02-01,"15:00","Newcastle Utd",NA,NA,"Fulham",NA,NA,NA,"St James' Park","",NA,"https://fbref.com/en/stathead/matchup/teams/fd962109/b2b47a98/Fulham-vs-Newcastle-United-History"
"165","Premier League","M","ENG",2025,NA,"24","Sat",2025-02-01,"15:00","Wolves",NA,NA,"Aston Villa",NA,NA,NA,"Molineux Stadium","",NA,"https://fbref.com/en/stathead/matchup/teams/8cec06e1/8602292d/Wolverhampton-Wanderers-vs-Aston-Villa-History"
"166","Premier League","M","ENG",2025,NA,"24","Sat",2025-02-01,"15:00","Brentford",NA,NA,"Tottenham",NA,NA,NA,"Gtech Community Stadium","",NA,"https://fbref.com/en/stathead/matchup/teams/cd051869/361ca564/Brentford-vs-Tottenham-Hotspur-History"
"167","Premier League","M","ENG",2025,NA,"24","Sat",2025-02-01,"15:00","Manchester Utd",NA,NA,"Crystal Palace",NA,NA,NA,"Old Trafford","",NA,"https://fbref.com/en/stathead/matchup/teams/47c64c55/19538871/Crystal-Palace-vs-Manchester-United-History"
"168","Premier League","M","ENG",2025,NA,"24","Sat",2025-02-01,"15:00","Bournemouth",NA,NA,"Liverpool",NA,NA,NA,"Vitality Stadium","",NA,"https://fbref.com/en/stathead/matchup/teams/822bd0ba/4ba7cbea/Liverpool-vs-Bournemouth-History"
"169","Premier League","M","ENG",2025,NA,"24","Sat",2025-02-01,"15:00","Nott'ham Forest",NA,NA,"Brighton",NA,NA,NA,"The City Ground","",NA,"https://fbref.com/en/stathead/matchup/teams/e4a775cb/d07537b9/Nottingham-Forest-vs-Brighton-and-Hove-Albion-History"
"170","Premier League","M","ENG",2025,NA,"24","Sat",2025-02-01,"15:00","Chelsea",NA,NA,"West Ham",NA,NA,NA,"Stamford Bridge","",NA,"https://fbref.com/en/stathead/matchup/teams/cff3d9bb/7c21e445/Chelsea-vs-West-Ham-United-History"
"171","Premier League","M","ENG",2025,NA,"25","Sat",2025-02-15,"15:00","Aston Villa",NA,NA,"Ipswich Town",NA,NA,NA,"Villa Park","",NA,"https://fbref.com/en/stathead/matchup/teams/b74092de/8602292d/Ipswich-Town-vs-Aston-Villa-History"
"172","Premier League","M","ENG",2025,NA,"25","Sat",2025-02-15,"15:00","Tottenham",NA,NA,"Manchester Utd",NA,NA,NA,"Tottenham Hotspur Stadium","",NA,"https://fbref.com/en/stathead/matchup/teams/361ca564/19538871/Tottenham-Hotspur-vs-Manchester-United-History"
"173","Premier League","M","ENG",2025,NA,"25","Sat",2025-02-15,"15:00","Crystal Palace",NA,NA,"Everton",NA,NA,NA,"Selhurst Park","",NA,"https://fbref.com/en/stathead/matchup/teams/d3fd31cc/47c64c55/Everton-vs-Crystal-Palace-History"
"174","Premier League","M","ENG",2025,NA,"25","Sat",2025-02-15,"15:00","Fulham",NA,NA,"Nott'ham Forest",NA,NA,NA,"Craven Cottage","",NA,"https://fbref.com/en/stathead/matchup/teams/fd962109/e4a775cb/Fulham-vs-Nottingham-Forest-History"
"175","Premier League","M","ENG",2025,NA,"25","Sat",2025-02-15,"15:00","Liverpool",NA,NA,"Wolves",NA,NA,NA,"Anfield","",NA,"https://fbref.com/en/stathead/matchup/teams/8cec06e1/822bd0ba/Wolverhampton-Wanderers-vs-Liverpool-History"
"176","Premier League","M","ENG",2025,NA,"25","Sat",2025-02-15,"15:00","West Ham",NA,NA,"Brentford",NA,NA,NA,"London Stadium","",NA,"https://fbref.com/en/stathead/matchup/teams/cd051869/7c21e445/Brentford-vs-West-Ham-United-History"
"177","Premier League","M","ENG",2025,NA,"25","Sat",2025-02-15,"15:00","Manchester City",NA,NA,"Newcastle Utd",NA,NA,NA,"Etihad Stadium","",NA,"https://fbref.com/en/stathead/matchup/teams/b8fd03ef/b2b47a98/Manchester-City-vs-Newcastle-United-History"
"178","Premier League","M","ENG",2025,NA,"25","Sat",2025-02-15,"15:00","Leicester City",NA,NA,"Arsenal",NA,NA,NA,"King Power Stadium","",NA,"https://fbref.com/en/stathead/matchup/teams/a2d435b3/18bb7c10/Leicester-City-vs-Arsenal-History"
"179","Premier League","M","ENG",2025,NA,"25","Sat",2025-02-15,"15:00","Southampton",NA,NA,"Bournemouth",NA,NA,NA,"St Mary's Stadium","",NA,"https://fbref.com/en/stathead/matchup/teams/4ba7cbea/33c895d4/Bournemouth-vs-Southampton-History"
"180","Premier League","M","ENG",2025,NA,"25","Sat",2025-02-15,"15:00","Brighton",NA,NA,"Chelsea",NA,NA,NA,"The American Express Stadium","",NA,"https://fbref.com/en/stathead/matchup/teams/d07537b9/cff3d9bb/Brighton-and-Hove-Albion-vs-Chelsea-History"
"181","Premier League","M","ENG",2025,NA,"26","Sat",2025-02-22,"15:00","Aston Villa",NA,NA,"Chelsea",NA,NA,NA,"Villa Park","",NA,"https://fbref.com/en/stathead/matchup/teams/cff3d9bb/8602292d/Chelsea-vs-Aston-Villa-History"
"182","Premier League","M","ENG",2025,NA,"26","Sat",2025-02-22,"15:00","Fulham",NA,NA,"Crystal Palace",NA,NA,NA,"Craven Cottage","",NA,"https://fbref.com/en/stathead/matchup/teams/fd962109/47c64c55/Fulham-vs-Crystal-Palace-History"
"183","Premier League","M","ENG",2025,NA,"26","Sat",2025-02-22,"15:00","Ipswich Town",NA,NA,"Tottenham",NA,NA,NA,"Portman Road Stadium","",NA,"https://fbref.com/en/stathead/matchup/teams/b74092de/361ca564/Ipswich-Town-vs-Tottenham-Hotspur-History"
"184","Premier League","M","ENG",2025,NA,"26","Sat",2025-02-22,"15:00","Newcastle Utd",NA,NA,"Nott'ham Forest",NA,NA,NA,"St James' Park","",NA,"https://fbref.com/en/stathead/matchup/teams/e4a775cb/b2b47a98/Nottingham-Forest-vs-Newcastle-United-History"
"185","Premier League","M","ENG",2025,NA,"26","Sat",2025-02-22,"15:00","Bournemouth",NA,NA,"Wolves",NA,NA,NA,"Vitality Stadium","",NA,"https://fbref.com/en/stathead/matchup/teams/8cec06e1/4ba7cbea/Wolverhampton-Wanderers-vs-Bournemouth-History"
"186","Premier League","M","ENG",2025,NA,"26","Sat",2025-02-22,"15:00","Leicester City",NA,NA,"Brentford",NA,NA,NA,"King Power Stadium","",NA,"https://fbref.com/en/stathead/matchup/teams/cd051869/a2d435b3/Brentford-vs-Leicester-City-History"
"187","Premier League","M","ENG",2025,NA,"26","Sat",2025-02-22,"15:00","Arsenal",NA,NA,"West Ham",NA,NA,NA,"Emirates Stadium","",NA,"https://fbref.com/en/stathead/matchup/teams/7c21e445/18bb7c10/West-Ham-United-vs-Arsenal-History"
"188","Premier League","M","ENG",2025,NA,"26","Sat",2025-02-22,"15:00","Manchester City",NA,NA,"Liverpool",NA,NA,NA,"Etihad Stadium","",NA,"https://fbref.com/en/stathead/matchup/teams/b8fd03ef/822bd0ba/Manchester-City-vs-Liverpool-History"
"189","Premier League","M","ENG",2025,NA,"26","Sat",2025-02-22,"15:00","Everton",NA,NA,"Manchester Utd",NA,NA,NA,"Goodison Park","",NA,"https://fbref.com/en/stathead/matchup/teams/d3fd31cc/19538871/Everton-vs-Manchester-United-History"
"190","Premier League","M","ENG",2025,NA,"26","Sat",2025-02-22,"15:00","Southampton",NA,NA,"Brighton",NA,NA,NA,"St Mary's Stadium","",NA,"https://fbref.com/en/stathead/matchup/teams/d07537b9/33c895d4/Brighton-and-Hove-Albion-vs-Southampton-History"
"191","Premier League","M","ENG",2025,NA,"27","Tue",2025-02-25,"19:45","West Ham",NA,NA,"Leicester City",NA,NA,NA,"London Stadium","",NA,"https://fbref.com/en/stathead/matchup/teams/a2d435b3/7c21e445/Leicester-City-vs-West-Ham-United-History"
"192","Premier League","M","ENG",2025,NA,"27","Tue",2025-02-25,"19:45","Brentford",NA,NA,"Everton",NA,NA,NA,"Gtech Community Stadium","",NA,"https://fbref.com/en/stathead/matchup/teams/d3fd31cc/cd051869/Everton-vs-Brentford-History"
"193","Premier League","M","ENG",2025,NA,"27","Tue",2025-02-25,"19:45","Tottenham",NA,NA,"Manchester City",NA,NA,NA,"Tottenham Hotspur Stadium","",NA,"https://fbref.com/en/stathead/matchup/teams/b8fd03ef/361ca564/Manchester-City-vs-Tottenham-Hotspur-History"
"194","Premier League","M","ENG",2025,NA,"27","Tue",2025-02-25,"19:45","Wolves",NA,NA,"Fulham",NA,NA,NA,"Molineux Stadium","",NA,"https://fbref.com/en/stathead/matchup/teams/fd962109/8cec06e1/Fulham-vs-Wolverhampton-Wanderers-History"
"195","Premier League","M","ENG",2025,NA,"27","Tue",2025-02-25,"19:45","Nott'ham Forest",NA,NA,"Arsenal",NA,NA,NA,"The City Ground","",NA,"https://fbref.com/en/stathead/matchup/teams/e4a775cb/18bb7c10/Nottingham-Forest-vs-Arsenal-History"
"196","Premier League","M","ENG",2025,NA,"27","Tue",2025-02-25,"19:45","Brighton",NA,NA,"Bournemouth",NA,NA,NA,"The American Express Stadium","",NA,"https://fbref.com/en/stathead/matchup/teams/d07537b9/4ba7cbea/Brighton-and-Hove-Albion-vs-Bournemouth-History"
"197","Premier League","M","ENG",2025,NA,"27","Tue",2025-02-25,"20:00","Crystal Palace",NA,NA,"Aston Villa",NA,NA,NA,"Selhurst Park","",NA,"https://fbref.com/en/stathead/matchup/teams/8602292d/47c64c55/Aston-Villa-vs-Crystal-Palace-History"
"198","Premier League","M","ENG",2025,NA,"27","Wed",2025-02-26,"19:45","Chelsea",NA,NA,"Southampton",NA,NA,NA,"Stamford Bridge","",NA,"https://fbref.com/en/stathead/matchup/teams/cff3d9bb/33c895d4/Chelsea-vs-Southampton-History"
"199","Premier League","M","ENG",2025,NA,"27","Wed",2025-02-26,"20:00","Liverpool",NA,NA,"Newcastle Utd",NA,NA,NA,"Anfield","",NA,"https://fbref.com/en/stathead/matchup/teams/b2b47a98/822bd0ba/Newcastle-United-vs-Liverpool-History"
"200","Premier League","M","ENG",2025,NA,"27","Wed",2025-02-26,"20:00","Manchester Utd",NA,NA,"Ipswich Town",NA,NA,NA,"Old Trafford","",NA,"https://fbref.com/en/stathead/matchup/teams/b74092de/19538871/Ipswich-Town-vs-Manchester-United-History"
"201","Premier League","M","ENG",2025,NA,"28","Sat",2025-03-08,"15:00","Liverpool",NA,NA,"Southampton",NA,NA,NA,"Anfield","",NA,"https://fbref.com/en/stathead/matchup/teams/822bd0ba/33c895d4/Liverpool-vs-Southampton-History"
"202","Premier League","M","ENG",2025,NA,"28","Sat",2025-03-08,"15:00","Chelsea",NA,NA,"Leicester City",NA,NA,NA,"Stamford Bridge","",NA,"https://fbref.com/en/stathead/matchup/teams/cff3d9bb/a2d435b3/Chelsea-vs-Leicester-City-History"
"203","Premier League","M","ENG",2025,NA,"28","Sat",2025-03-08,"15:00","Wolves",NA,NA,"Everton",NA,NA,NA,"Molineux Stadium","",NA,"https://fbref.com/en/stathead/matchup/teams/d3fd31cc/8cec06e1/Everton-vs-Wolverhampton-Wanderers-History"
"204","Premier League","M","ENG",2025,NA,"28","Sat",2025-03-08,"15:00","West Ham",NA,NA,"Newcastle Utd",NA,NA,NA,"London Stadium","",NA,"https://fbref.com/en/stathead/matchup/teams/b2b47a98/7c21e445/Newcastle-United-vs-West-Ham-United-History"
"205","Premier League","M","ENG",2025,NA,"28","Sat",2025-03-08,"15:00","Tottenham",NA,NA,"Bournemouth",NA,NA,NA,"Tottenham Hotspur Stadium","",NA,"https://fbref.com/en/stathead/matchup/teams/4ba7cbea/361ca564/Bournemouth-vs-Tottenham-Hotspur-History"
"206","Premier League","M","ENG",2025,NA,"28","Sat",2025-03-08,"15:00","Manchester Utd",NA,NA,"Arsenal",NA,NA,NA,"Old Trafford","",NA,"https://fbref.com/en/stathead/matchup/teams/19538871/18bb7c10/Manchester-United-vs-Arsenal-History"
"207","Premier League","M","ENG",2025,NA,"28","Sat",2025-03-08,"15:00","Crystal Palace",NA,NA,"Ipswich Town",NA,NA,NA,"Selhurst Park","",NA,"https://fbref.com/en/stathead/matchup/teams/b74092de/47c64c55/Ipswich-Town-vs-Crystal-Palace-History"
"208","Premier League","M","ENG",2025,NA,"28","Sat",2025-03-08,"15:00","Nott'ham Forest",NA,NA,"Manchester City",NA,NA,NA,"The City Ground","",NA,"https://fbref.com/en/stathead/matchup/teams/e4a775cb/b8fd03ef/Nottingham-Forest-vs-Manchester-City-History"
"209","Premier League","M","ENG",2025,NA,"28","Sat",2025-03-08,"15:00","Brighton",NA,NA,"Fulham",NA,NA,NA,"The American Express Stadium","",NA,"https://fbref.com/en/stathead/matchup/teams/fd962109/d07537b9/Fulham-vs-Brighton-and-Hove-Albion-History"
"210","Premier League","M","ENG",2025,NA,"28","Sat",2025-03-08,"15:00","Brentford",NA,NA,"Aston Villa",NA,NA,NA,"Gtech Community Stadium","",NA,"https://fbref.com/en/stathead/matchup/teams/cd051869/8602292d/Brentford-vs-Aston-Villa-History"
"211","Premier League","M","ENG",2025,NA,"29","Sat",2025-03-15,"15:00","Arsenal",NA,NA,"Chelsea",NA,NA,NA,"Emirates Stadium","",NA,"https://fbref.com/en/stathead/matchup/teams/cff3d9bb/18bb7c10/North-West-London-Derby-Chelsea-vs-Arsenal-History"
"212","Premier League","M","ENG",2025,NA,"29","Sat",2025-03-15,"15:00","Aston Villa",NA,NA,"Liverpool",NA,NA,NA,"Villa Park","",NA,"https://fbref.com/en/stathead/matchup/teams/8602292d/822bd0ba/Aston-Villa-vs-Liverpool-History"
"213","Premier League","M","ENG",2025,NA,"29","Sat",2025-03-15,"15:00","Fulham",NA,NA,"Tottenham",NA,NA,NA,"Craven Cottage","",NA,"https://fbref.com/en/stathead/matchup/teams/fd962109/361ca564/Fulham-vs-Tottenham-Hotspur-History"
"214","Premier League","M","ENG",2025,NA,"29","Sat",2025-03-15,"15:00","Newcastle Utd",NA,NA,"Crystal Palace",NA,NA,NA,"St James' Park","",NA,"https://fbref.com/en/stathead/matchup/teams/b2b47a98/47c64c55/Newcastle-United-vs-Crystal-Palace-History"
"215","Premier League","M","ENG",2025,NA,"29","Sat",2025-03-15,"15:00","Leicester City",NA,NA,"Manchester Utd",NA,NA,NA,"King Power Stadium","",NA,"https://fbref.com/en/stathead/matchup/teams/a2d435b3/19538871/Leicester-City-vs-Manchester-United-History"
"216","Premier League","M","ENG",2025,NA,"29","Sat",2025-03-15,"15:00","Manchester City",NA,NA,"Brighton",NA,NA,NA,"Etihad Stadium","",NA,"https://fbref.com/en/stathead/matchup/teams/d07537b9/b8fd03ef/Brighton-and-Hove-Albion-vs-Manchester-City-History"
"217","Premier League","M","ENG",2025,NA,"29","Sat",2025-03-15,"15:00","Ipswich Town",NA,NA,"Nott'ham Forest",NA,NA,NA,"Portman Road Stadium","",NA,"https://fbref.com/en/stathead/matchup/teams/e4a775cb/b74092de/Nottingham-Forest-vs-Ipswich-Town-History"
"218","Premier League","M","ENG",2025,NA,"29","Sat",2025-03-15,"15:00","Everton",NA,NA,"West Ham",NA,NA,NA,"Goodison Park","",NA,"https://fbref.com/en/stathead/matchup/teams/d3fd31cc/7c21e445/Everton-vs-West-Ham-United-History"
"219","Premier League","M","ENG",2025,NA,"29","Sat",2025-03-15,"15:00","Southampton",NA,NA,"Wolves",NA,NA,NA,"St Mary's Stadium","",NA,"https://fbref.com/en/stathead/matchup/teams/8cec06e1/33c895d4/Wolverhampton-Wanderers-vs-Southampton-History"
"220","Premier League","M","ENG",2025,NA,"29","Sat",2025-03-15,"15:00","Bournemouth",NA,NA,"Brentford",NA,NA,NA,"Vitality Stadium","",NA,"https://fbref.com/en/stathead/matchup/teams/cd051869/4ba7cbea/Brentford-vs-Bournemouth-History"
"221","Premier League","M","ENG",2025,NA,"3","Sat",2024-08-31,"12:30","Arsenal",1,2.1,"Brighton",1,1.7,60326,"Emirates Stadium","Chris Kavanagh",NA,"https://fbref.com/en/matches/a843d023/Arsenal-Brighton-and-Hove-Albion-August-31-2024-Premier-League"
"222","Premier League","M","ENG",2025,NA,"3","Sat",2024-08-31,"15:00","Everton",2,1.8,"Bournemouth",3,2.4,38805,"Goodison Park","Stuart Attwell",NA,"https://fbref.com/en/matches/58bbe046/Everton-Bournemouth-August-31-2024-Premier-League"
"223","Premier League","M","ENG",2025,NA,"3","Sat",2024-08-31,"15:00","Leicester City",1,0.4,"Aston Villa",2,1.4,31725,"King Power Stadium","David Coote",NA,"https://fbref.com/en/matches/5af68b76/Leicester-City-Aston-Villa-August-31-2024-Premier-League"
"224","Premier League","M","ENG",2025,NA,"3","Sat",2024-08-31,"15:00","Nott'ham Forest",1,1,"Wolves",1,0.7,29918,"The City Ground","Simon Hooper",NA,"https://fbref.com/en/matches/837f0304/Nottingham-Forest-Wolverhampton-Wanderers-August-31-2024-Premier-League"
"225","Premier League","M","ENG",2025,NA,"3","Sat",2024-08-31,"15:00","Ipswich Town",1,0.4,"Fulham",1,0.9,29517,"Portman Road Stadium","Lewis Smith",NA,"https://fbref.com/en/matches/cec85838/Ipswich-Town-Fulham-August-31-2024-Premier-League"
"226","Premier League","M","ENG",2025,NA,"3","Sat",2024-08-31,"15:00","Brentford",3,2.8,"Southampton",1,1.5,16955,"Gtech Community Stadium","Joshua Smith",NA,"https://fbref.com/en/matches/fec3438b/Brentford-Southampton-August-31-2024-Premier-League"
"227","Premier League","M","ENG",2025,NA,"3","Sat",2024-08-31,"17:30","West Ham",1,0.7,"Manchester City",3,3,62469,"London Stadium","Michael Oliver",NA,"https://fbref.com/en/matches/97ce60d4/West-Ham-United-Manchester-City-August-31-2024-Premier-League"
"228","Premier League","M","ENG",2025,NA,"3","Sun",2024-09-01,"13:30","Newcastle Utd",2,1.8,"Tottenham",1,1.2,52211,"St James' Park","Robert Jones",NA,"https://fbref.com/en/matches/0c994746/Newcastle-United-Tottenham-Hotspur-September-1-2024-Premier-League"
"229","Premier League","M","ENG",2025,NA,"3","Sun",2024-09-01,"13:30","Chelsea",1,2.4,"Crystal Palace",1,0.5,39298,"Stamford Bridge","Jarred Gillett",NA,"https://fbref.com/en/matches/3387c2c8/Chelsea-Crystal-Palace-September-1-2024-Premier-League"
"230","Premier League","M","ENG",2025,NA,"3","Sun",2024-09-01,"16:00","Manchester Utd",0,1.4,"Liverpool",3,1.8,73738,"Old Trafford","Anthony Taylor",NA,"https://fbref.com/en/matches/a7ab7a12/North-West-Derby-Manchester-United-Liverpool-September-1-2024-Premier-League"
"231","Premier League","M","ENG",2025,NA,"30","Tue",2025-04-01,"19:45","Brighton",NA,NA,"Aston Villa",NA,NA,NA,"The American Express Stadium","",NA,"https://fbref.com/en/stathead/matchup/teams/d07537b9/8602292d/Brighton-and-Hove-Albion-vs-Aston-Villa-History"
"232","Premier League","M","ENG",2025,NA,"30","Tue",2025-04-01,"19:45","Bournemouth",NA,NA,"Ipswich Town",NA,NA,NA,"Vitality Stadium","",NA,"https://fbref.com/en/stathead/matchup/teams/b74092de/4ba7cbea/Ipswich-Town-vs-Bournemouth-History"
"233","Premier League","M","ENG",2025,NA,"30","Tue",2025-04-01,"19:45","Wolves",NA,NA,"West Ham",NA,NA,NA,"Molineux Stadium","",NA,"https://fbref.com/en/stathead/matchup/teams/8cec06e1/7c21e445/Wolverhampton-Wanderers-vs-West-Ham-United-History"
"234","Premier League","M","ENG",2025,NA,"30","Tue",2025-04-01,"19:45","Arsenal",NA,NA,"Fulham",NA,NA,NA,"Emirates Stadium","",NA,"https://fbref.com/en/stathead/matchup/teams/fd962109/18bb7c10/Fulham-vs-Arsenal-History"
"235","Premier League","M","ENG",2025,NA,"30","Tue",2025-04-01,"19:45","Nott'ham Forest",NA,NA,"Manchester Utd",NA,NA,NA,"The City Ground","",NA,"https://fbref.com/en/stathead/matchup/teams/e4a775cb/19538871/Nottingham-Forest-vs-Manchester-United-History"
"236","Premier League","M","ENG",2025,NA,"30","Wed",2025-04-02,"19:45","Southampton",NA,NA,"Crystal Palace",NA,NA,NA,"St Mary's Stadium","",NA,"https://fbref.com/en/stathead/matchup/teams/47c64c55/33c895d4/Crystal-Palace-vs-Southampton-History"
"237","Premier League","M","ENG",2025,NA,"30","Wed",2025-04-02,"19:45","Chelsea",NA,NA,"Tottenham",NA,NA,NA,"Stamford Bridge","",NA,"https://fbref.com/en/stathead/matchup/teams/cff3d9bb/361ca564/Chelsea-vs-Tottenham-Hotspur-History"
"238","Premier League","M","ENG",2025,NA,"30","Wed",2025-04-02,"19:45","Manchester City",NA,NA,"Leicester City",NA,NA,NA,"Etihad Stadium","",NA,"https://fbref.com/en/stathead/matchup/teams/b8fd03ef/a2d435b3/Manchester-City-vs-Leicester-City-History"
"239","Premier League","M","ENG",2025,NA,"30","Wed",2025-04-02,"19:45","Newcastle Utd",NA,NA,"Brentford",NA,NA,NA,"St James' Park","",NA,"https://fbref.com/en/stathead/matchup/teams/cd051869/b2b47a98/Brentford-vs-Newcastle-United-History"
"240","Premier League","M","ENG",2025,NA,"30","Wed",2025-04-02,"20:00","Liverpool",NA,NA,"Everton",NA,NA,NA,"Anfield","",NA,"https://fbref.com/en/stathead/matchup/teams/d3fd31cc/822bd0ba/Merseyside-Derby-Everton-vs-Liverpool-History"
"241","Premier League","M","ENG",2025,NA,"31","Sat",2025-04-05,"15:00","West Ham",NA,NA,"Bournemouth",NA,NA,NA,"London Stadium","",NA,"https://fbref.com/en/stathead/matchup/teams/7c21e445/4ba7cbea/West-Ham-United-vs-Bournemouth-History"
"242","Premier League","M","ENG",2025,NA,"31","Sat",2025-04-05,"15:00","Manchester Utd",NA,NA,"Manchester City",NA,NA,NA,"Old Trafford","",NA,"https://fbref.com/en/stathead/matchup/teams/b8fd03ef/19538871/Manchester-Derby-Manchester-City-vs-Manchester-United-History"
"243","Premier League","M","ENG",2025,NA,"31","Sat",2025-04-05,"15:00","Brentford",NA,NA,"Chelsea",NA,NA,NA,"Gtech Community Stadium","",NA,"https://fbref.com/en/stathead/matchup/teams/cff3d9bb/cd051869/Chelsea-vs-Brentford-History"
"244","Premier League","M","ENG",2025,NA,"31","Sat",2025-04-05,"15:00","Aston Villa",NA,NA,"Nott'ham Forest",NA,NA,NA,"Villa Park","",NA,"https://fbref.com/en/stathead/matchup/teams/e4a775cb/8602292d/Nottingham-Forest-vs-Aston-Villa-History"
"245","Premier League","M","ENG",2025,NA,"31","Sat",2025-04-05,"15:00","Everton",NA,NA,"Arsenal",NA,NA,NA,"Goodison Park","",NA,"https://fbref.com/en/stathead/matchup/teams/d3fd31cc/18bb7c10/Everton-vs-Arsenal-History"
"246","Premier League","M","ENG",2025,NA,"31","Sat",2025-04-05,"15:00","Fulham",NA,NA,"Liverpool",NA,NA,NA,"Craven Cottage","",NA,"https://fbref.com/en/stathead/matchup/teams/fd962109/822bd0ba/Fulham-vs-Liverpool-History"
"247","Premier League","M","ENG",2025,NA,"31","Sat",2025-04-05,"15:00","Ipswich Town",NA,NA,"Wolves",NA,NA,NA,"Portman Road Stadium","",NA,"https://fbref.com/en/stathead/matchup/teams/b74092de/8cec06e1/Ipswich-Town-vs-Wolverhampton-Wanderers-History"
"248","Premier League","M","ENG",2025,NA,"31","Sat",2025-04-05,"15:00","Leicester City",NA,NA,"Newcastle Utd",NA,NA,NA,"King Power Stadium","",NA,"https://fbref.com/en/stathead/matchup/teams/b2b47a98/a2d435b3/Newcastle-United-vs-Leicester-City-History"
"249","Premier League","M","ENG",2025,NA,"31","Sat",2025-04-05,"15:00","Crystal Palace",NA,NA,"Brighton",NA,NA,NA,"Selhurst Park","",NA,"https://fbref.com/en/stathead/matchup/teams/d07537b9/47c64c55/Brighton-and-Hove-Albion-vs-Crystal-Palace-History"
"250","Premier League","M","ENG",2025,NA,"31","Sat",2025-04-05,"15:00","Tottenham",NA,NA,"Southampton",NA,NA,NA,"Tottenham Hotspur Stadium","",NA,"https://fbref.com/en/stathead/matchup/teams/361ca564/33c895d4/Tottenham-Hotspur-vs-Southampton-History"
"251","Premier League","M","ENG",2025,NA,"32","Sat",2025-04-12,"15:00","Bournemouth",NA,NA,"Fulham",NA,NA,NA,"Vitality Stadium","",NA,"https://fbref.com/en/stathead/matchup/teams/fd962109/4ba7cbea/Fulham-vs-Bournemouth-History"
"252","Premier League","M","ENG",2025,NA,"32","Sat",2025-04-12,"15:00","Newcastle Utd",NA,NA,"Manchester Utd",NA,NA,NA,"St James' Park","",NA,"https://fbref.com/en/stathead/matchup/teams/b2b47a98/19538871/Newcastle-United-vs-Manchester-United-History"
"253","Premier League","M","ENG",2025,NA,"32","Sat",2025-04-12,"15:00","Arsenal",NA,NA,"Brentford",NA,NA,NA,"Emirates Stadium","",NA,"https://fbref.com/en/stathead/matchup/teams/cd051869/18bb7c10/Brentford-vs-Arsenal-History"
"254","Premier League","M","ENG",2025,NA,"32","Sat",2025-04-12,"15:00","Liverpool",NA,NA,"West Ham",NA,NA,NA,"Anfield","",NA,"https://fbref.com/en/stathead/matchup/teams/822bd0ba/7c21e445/Liverpool-vs-West-Ham-United-History"
"255","Premier League","M","ENG",2025,NA,"32","Sat",2025-04-12,"15:00","Wolves",NA,NA,"Tottenham",NA,NA,NA,"Molineux Stadium","",NA,"https://fbref.com/en/stathead/matchup/teams/8cec06e1/361ca564/Wolverhampton-Wanderers-vs-Tottenham-Hotspur-History"
"256","Premier League","M","ENG",2025,NA,"32","Sat",2025-04-12,"15:00","Brighton",NA,NA,"Leicester City",NA,NA,NA,"The American Express Stadium","",NA,"https://fbref.com/en/stathead/matchup/teams/d07537b9/a2d435b3/Brighton-and-Hove-Albion-vs-Leicester-City-History"
"257","Premier League","M","ENG",2025,NA,"32","Sat",2025-04-12,"15:00","Manchester City",NA,NA,"Crystal Palace",NA,NA,NA,"Etihad Stadium","",NA,"https://fbref.com/en/stathead/matchup/teams/b8fd03ef/47c64c55/Manchester-City-vs-Crystal-Palace-History"
"258","Premier League","M","ENG",2025,NA,"32","Sat",2025-04-12,"15:00","Nott'ham Forest",NA,NA,"Everton",NA,NA,NA,"The City Ground","",NA,"https://fbref.com/en/stathead/matchup/teams/e4a775cb/d3fd31cc/Nottingham-Forest-vs-Everton-History"
"259","Premier League","M","ENG",2025,NA,"32","Sat",2025-04-12,"15:00","Chelsea",NA,NA,"Ipswich Town",NA,NA,NA,"Stamford Bridge","",NA,"https://fbref.com/en/stathead/matchup/teams/cff3d9bb/b74092de/Chelsea-vs-Ipswich-Town-History"
"260","Premier League","M","ENG",2025,NA,"32","Sat",2025-04-12,"15:00","Southampton",NA,NA,"Aston Villa",NA,NA,NA,"St Mary's Stadium","",NA,"https://fbref.com/en/stathead/matchup/teams/8602292d/33c895d4/Aston-Villa-vs-Southampton-History"
"261","Premier League","M","ENG",2025,NA,"33","Sat",2025-04-19,"15:00","Leicester City",NA,NA,"Liverpool",NA,NA,NA,"King Power Stadium","",NA,"https://fbref.com/en/stathead/matchup/teams/a2d435b3/822bd0ba/Leicester-City-vs-Liverpool-History"
"262","Premier League","M","ENG",2025,NA,"33","Sat",2025-04-19,"15:00","Ipswich Town",NA,NA,"Arsenal",NA,NA,NA,"Portman Road Stadium","",NA,"https://fbref.com/en/stathead/matchup/teams/b74092de/18bb7c10/Ipswich-Town-vs-Arsenal-History"
"263","Premier League","M","ENG",2025,NA,"33","Sat",2025-04-19,"15:00","Brentford",NA,NA,"Brighton",NA,NA,NA,"Gtech Community Stadium","",NA,"https://fbref.com/en/stathead/matchup/teams/d07537b9/cd051869/Brighton-and-Hove-Albion-vs-Brentford-History"
"264","Premier League","M","ENG",2025,NA,"33","Sat",2025-04-19,"15:00","Aston Villa",NA,NA,"Newcastle Utd",NA,NA,NA,"Villa Park","",NA,"https://fbref.com/en/stathead/matchup/teams/b2b47a98/8602292d/Newcastle-United-vs-Aston-Villa-History"
"265","Premier League","M","ENG",2025,NA,"33","Sat",2025-04-19,"15:00","Tottenham",NA,NA,"Nott'ham Forest",NA,NA,NA,"Tottenham Hotspur Stadium","",NA,"https://fbref.com/en/stathead/matchup/teams/e4a775cb/361ca564/Nottingham-Forest-vs-Tottenham-Hotspur-History"
"266","Premier League","M","ENG",2025,NA,"33","Sat",2025-04-19,"15:00","West Ham",NA,NA,"Southampton",NA,NA,NA,"London Stadium","",NA,"https://fbref.com/en/stathead/matchup/teams/7c21e445/33c895d4/West-Ham-United-vs-Southampton-History"
"267","Premier League","M","ENG",2025,NA,"33","Sat",2025-04-19,"15:00","Crystal Palace",NA,NA,"Bournemouth",NA,NA,NA,"Selhurst Park","",NA,"https://fbref.com/en/stathead/matchup/teams/4ba7cbea/47c64c55/Bournemouth-vs-Crystal-Palace-History"
"268","Premier League","M","ENG",2025,NA,"33","Sat",2025-04-19,"15:00","Everton",NA,NA,"Manchester City",NA,NA,NA,"Goodison Park","",NA,"https://fbref.com/en/stathead/matchup/teams/d3fd31cc/b8fd03ef/Everton-vs-Manchester-City-History"
"269","Premier League","M","ENG",2025,NA,"33","Sat",2025-04-19,"15:00","Fulham",NA,NA,"Chelsea",NA,NA,NA,"Craven Cottage","",NA,"https://fbref.com/en/stathead/matchup/teams/fd962109/cff3d9bb/Fulham-vs-Chelsea-History"
"270","Premier League","M","ENG",2025,NA,"33","Sat",2025-04-19,"15:00","Manchester Utd",NA,NA,"Wolves",NA,NA,NA,"Old Trafford","",NA,"https://fbref.com/en/stathead/matchup/teams/8cec06e1/19538871/Wolverhampton-Wanderers-vs-Manchester-United-History"
"271","Premier League","M","ENG",2025,NA,"34","Sat",2025-04-26,"15:00","Chelsea",NA,NA,"Everton",NA,NA,NA,"Stamford Bridge","",NA,"https://fbref.com/en/stathead/matchup/teams/d3fd31cc/cff3d9bb/Everton-vs-Chelsea-History"
"272","Premier League","M","ENG",2025,NA,"34","Sat",2025-04-26,"15:00","Wolves",NA,NA,"Leicester City",NA,NA,NA,"Molineux Stadium","",NA,"https://fbref.com/en/stathead/matchup/teams/a2d435b3/8cec06e1/Leicester-City-vs-Wolverhampton-Wanderers-History"
"273","Premier League","M","ENG",2025,NA,"34","Sat",2025-04-26,"15:00","Newcastle Utd",NA,NA,"Ipswich Town",NA,NA,NA,"St James' Park","",NA,"https://fbref.com/en/stathead/matchup/teams/b74092de/b2b47a98/Ipswich-Town-vs-Newcastle-United-History"
"274","Premier League","M","ENG",2025,NA,"34","Sat",2025-04-26,"15:00","Manchester City",NA,NA,"Aston Villa",NA,NA,NA,"Etihad Stadium","",NA,"https://fbref.com/en/stathead/matchup/teams/b8fd03ef/8602292d/Manchester-City-vs-Aston-Villa-History"
"275","Premier League","M","ENG",2025,NA,"34","Sat",2025-04-26,"15:00","Liverpool",NA,NA,"Tottenham",NA,NA,NA,"Anfield","",NA,"https://fbref.com/en/stathead/matchup/teams/822bd0ba/361ca564/Liverpool-vs-Tottenham-Hotspur-History"
"276","Premier League","M","ENG",2025,NA,"34","Sat",2025-04-26,"15:00","Arsenal",NA,NA,"Crystal Palace",NA,NA,NA,"Emirates Stadium","",NA,"https://fbref.com/en/stathead/matchup/teams/47c64c55/18bb7c10/Crystal-Palace-vs-Arsenal-History"
"277","Premier League","M","ENG",2025,NA,"34","Sat",2025-04-26,"15:00","Bournemouth",NA,NA,"Manchester Utd",NA,NA,NA,"Vitality Stadium","",NA,"https://fbref.com/en/stathead/matchup/teams/4ba7cbea/19538871/Bournemouth-vs-Manchester-United-History"
"278","Premier League","M","ENG",2025,NA,"34","Sat",2025-04-26,"15:00","Southampton",NA,NA,"Fulham",NA,NA,NA,"St Mary's Stadium","",NA,"https://fbref.com/en/stathead/matchup/teams/fd962109/33c895d4/Fulham-vs-Southampton-History"
"279","Premier League","M","ENG",2025,NA,"34","Sat",2025-04-26,"15:00","Nott'ham Forest",NA,NA,"Brentford",NA,NA,NA,"The City Ground","",NA,"https://fbref.com/en/stathead/matchup/teams/e4a775cb/cd051869/Nottingham-Forest-vs-Brentford-History"
"280","Premier League","M","ENG",2025,NA,"34","Sat",2025-04-26,"15:00","Brighton",NA,NA,"West Ham",NA,NA,NA,"The American Express Stadium","",NA,"https://fbref.com/en/stathead/matchup/teams/d07537b9/7c21e445/Brighton-and-Hove-Albion-vs-West-Ham-United-History"
"281","Premier League","M","ENG",2025,NA,"35","Sat",2025-05-03,"15:00","Chelsea",NA,NA,"Liverpool",NA,NA,NA,"Stamford Bridge","",NA,"https://fbref.com/en/stathead/matchup/teams/cff3d9bb/822bd0ba/Chelsea-vs-Liverpool-History"
"282","Premier League","M","ENG",2025,NA,"35","Sat",2025-05-03,"15:00","Brentford",NA,NA,"Manchester Utd",NA,NA,NA,"Gtech Community Stadium","",NA,"https://fbref.com/en/stathead/matchup/teams/cd051869/19538871/Brentford-vs-Manchester-United-History"
"283","Premier League","M","ENG",2025,NA,"35","Sat",2025-05-03,"15:00","Manchester City",NA,NA,"Wolves",NA,NA,NA,"Etihad Stadium","",NA,"https://fbref.com/en/stathead/matchup/teams/b8fd03ef/8cec06e1/Manchester-City-vs-Wolverhampton-Wanderers-History"
"284","Premier League","M","ENG",2025,NA,"35","Sat",2025-05-03,"15:00","West Ham",NA,NA,"Tottenham",NA,NA,NA,"London Stadium","",NA,"https://fbref.com/en/stathead/matchup/teams/7c21e445/361ca564/West-Ham-United-vs-Tottenham-Hotspur-History"
"285","Premier League","M","ENG",2025,NA,"35","Sat",2025-05-03,"15:00","Crystal Palace",NA,NA,"Nott'ham Forest",NA,NA,NA,"Selhurst Park","",NA,"https://fbref.com/en/stathead/matchup/teams/e4a775cb/47c64c55/Nottingham-Forest-vs-Crystal-Palace-History"
"286","Premier League","M","ENG",2025,NA,"35","Sat",2025-05-03,"15:00","Arsenal",NA,NA,"Bournemouth",NA,NA,NA,"Emirates Stadium","",NA,"https://fbref.com/en/stathead/matchup/teams/4ba7cbea/18bb7c10/Bournemouth-vs-Arsenal-History"
"287","Premier League","M","ENG",2025,NA,"35","Sat",2025-05-03,"15:00","Everton",NA,NA,"Ipswich Town",NA,NA,NA,"Goodison Park","",NA,"https://fbref.com/en/stathead/matchup/teams/d3fd31cc/b74092de/Everton-vs-Ipswich-Town-History"
"288","Premier League","M","ENG",2025,NA,"35","Sat",2025-05-03,"15:00","Aston Villa",NA,NA,"Fulham",NA,NA,NA,"Villa Park","",NA,"https://fbref.com/en/stathead/matchup/teams/fd962109/8602292d/Fulham-vs-Aston-Villa-History"
"289","Premier League","M","ENG",2025,NA,"35","Sat",2025-05-03,"15:00","Brighton",NA,NA,"Newcastle Utd",NA,NA,NA,"The American Express Stadium","",NA,"https://fbref.com/en/stathead/matchup/teams/d07537b9/b2b47a98/Brighton-and-Hove-Albion-vs-Newcastle-United-History"
"290","Premier League","M","ENG",2025,NA,"35","Sat",2025-05-03,"15:00","Leicester City",NA,NA,"Southampton",NA,NA,NA,"King Power Stadium","",NA,"https://fbref.com/en/stathead/matchup/teams/a2d435b3/33c895d4/Leicester-City-vs-Southampton-History"
"291","Premier League","M","ENG",2025,NA,"36","Sat",2025-05-10,"15:00","Liverpool",NA,NA,"Arsenal",NA,NA,NA,"Anfield","",NA,"https://fbref.com/en/stathead/matchup/teams/822bd0ba/18bb7c10/Liverpool-vs-Arsenal-History"
"292","Premier League","M","ENG",2025,NA,"36","Sat",2025-05-10,"15:00","Southampton",NA,NA,"Manchester City",NA,NA,NA,"St Mary's Stadium","",NA,"https://fbref.com/en/stathead/matchup/teams/b8fd03ef/33c895d4/Manchester-City-vs-Southampton-History"
"293","Premier League","M","ENG",2025,NA,"36","Sat",2025-05-10,"15:00","Tottenham",NA,NA,"Crystal Palace",NA,NA,NA,"Tottenham Hotspur Stadium","",NA,"https://fbref.com/en/stathead/matchup/teams/47c64c55/361ca564/Crystal-Palace-vs-Tottenham-Hotspur-History"
"294","Premier League","M","ENG",2025,NA,"36","Sat",2025-05-10,"15:00","Fulham",NA,NA,"Everton",NA,NA,NA,"Craven Cottage","",NA,"https://fbref.com/en/stathead/matchup/teams/fd962109/d3fd31cc/Fulham-vs-Everton-History"
"295","Premier League","M","ENG",2025,NA,"36","Sat",2025-05-10,"15:00","Newcastle Utd",NA,NA,"Chelsea",NA,NA,NA,"St James' Park","",NA,"https://fbref.com/en/stathead/matchup/teams/cff3d9bb/b2b47a98/Chelsea-vs-Newcastle-United-History"
"296","Premier League","M","ENG",2025,NA,"36","Sat",2025-05-10,"15:00","Nott'ham Forest",NA,NA,"Leicester City",NA,NA,NA,"The City Ground","",NA,"https://fbref.com/en/stathead/matchup/teams/e4a775cb/a2d435b3/Nottingham-Forest-vs-Leicester-City-History"
"297","Premier League","M","ENG",2025,NA,"36","Sat",2025-05-10,"15:00","Manchester Utd",NA,NA,"West Ham",NA,NA,NA,"Old Trafford","",NA,"https://fbref.com/en/stathead/matchup/teams/7c21e445/19538871/West-Ham-United-vs-Manchester-United-History"
"298","Premier League","M","ENG",2025,NA,"36","Sat",2025-05-10,"15:00","Bournemouth",NA,NA,"Aston Villa",NA,NA,NA,"Vitality Stadium","",NA,"https://fbref.com/en/stathead/matchup/teams/8602292d/4ba7cbea/Aston-Villa-vs-Bournemouth-History"
"299","Premier League","M","ENG",2025,NA,"36","Sat",2025-05-10,"15:00","Ipswich Town",NA,NA,"Brentford",NA,NA,NA,"Portman Road Stadium","",NA,"https://fbref.com/en/stathead/matchup/teams/cd051869/b74092de/Brentford-vs-Ipswich-Town-History"
"300","Premier League","M","ENG",2025,NA,"36","Sat",2025-05-10,"15:00","Wolves",NA,NA,"Brighton",NA,NA,NA,"Molineux Stadium","",NA,"https://fbref.com/en/stathead/matchup/teams/d07537b9/8cec06e1/Brighton-and-Hove-Albion-vs-Wolverhampton-Wanderers-History"
"301","Premier League","M","ENG",2025,NA,"37","Sun",2025-05-18,"15:00","Brentford",NA,NA,"Fulham",NA,NA,NA,"Gtech Community Stadium","",NA,"https://fbref.com/en/stathead/matchup/teams/fd962109/cd051869/Fulham-vs-Brentford-History"
"302","Premier League","M","ENG",2025,NA,"37","Sun",2025-05-18,"15:00","Arsenal",NA,NA,"Newcastle Utd",NA,NA,NA,"Emirates Stadium","",NA,"https://fbref.com/en/stathead/matchup/teams/b2b47a98/18bb7c10/Newcastle-United-vs-Arsenal-History"
"303","Premier League","M","ENG",2025,NA,"37","Sun",2025-05-18,"15:00","Brighton",NA,NA,"Liverpool",NA,NA,NA,"The American Express Stadium","",NA,"https://fbref.com/en/stathead/matchup/teams/d07537b9/822bd0ba/Brighton-and-Hove-Albion-vs-Liverpool-History"
"304","Premier League","M","ENG",2025,NA,"37","Sun",2025-05-18,"15:00","Leicester City",NA,NA,"Ipswich Town",NA,NA,NA,"King Power Stadium","",NA,"https://fbref.com/en/stathead/matchup/teams/b74092de/a2d435b3/Ipswich-Town-vs-Leicester-City-History"
"305","Premier League","M","ENG",2025,NA,"37","Sun",2025-05-18,"15:00","West Ham",NA,NA,"Nott'ham Forest",NA,NA,NA,"London Stadium","",NA,"https://fbref.com/en/stathead/matchup/teams/e4a775cb/7c21e445/Nottingham-Forest-vs-West-Ham-United-History"
"306","Premier League","M","ENG",2025,NA,"37","Sun",2025-05-18,"15:00","Everton",NA,NA,"Southampton",NA,NA,NA,"Goodison Park","",NA,"https://fbref.com/en/stathead/matchup/teams/d3fd31cc/33c895d4/Everton-vs-Southampton-History"
"307","Premier League","M","ENG",2025,NA,"37","Sun",2025-05-18,"15:00","Aston Villa",NA,NA,"Tottenham",NA,NA,NA,"Villa Park","",NA,"https://fbref.com/en/stathead/matchup/teams/8602292d/361ca564/Aston-Villa-vs-Tottenham-Hotspur-History"
"308","Premier League","M","ENG",2025,NA,"37","Sun",2025-05-18,"15:00","Chelsea",NA,NA,"Manchester Utd",NA,NA,NA,"Stamford Bridge","",NA,"https://fbref.com/en/stathead/matchup/teams/cff3d9bb/19538871/Chelsea-vs-Manchester-United-History"
"309","Premier League","M","ENG",2025,NA,"37","Sun",2025-05-18,"15:00","Manchester City",NA,NA,"Bournemouth",NA,NA,NA,"Etihad Stadium","",NA,"https://fbref.com/en/stathead/matchup/teams/b8fd03ef/4ba7cbea/Manchester-City-vs-Bournemouth-History"
"310","Premier League","M","ENG",2025,NA,"37","Sun",2025-05-18,"15:00","Crystal Palace",NA,NA,"Wolves",NA,NA,NA,"Selhurst Park","",NA,"https://fbref.com/en/stathead/matchup/teams/8cec06e1/47c64c55/Wolverhampton-Wanderers-vs-Crystal-Palace-History"
"311","Premier League","M","ENG",2025,NA,"38","Sun",2025-05-25,"16:00","Southampton",NA,NA,"Arsenal",NA,NA,NA,"St Mary's Stadium","",NA,"https://fbref.com/en/stathead/matchup/teams/33c895d4/18bb7c10/Southampton-vs-Arsenal-History"
"312","Premier League","M","ENG",2025,NA,"38","Sun",2025-05-25,"16:00","Liverpool",NA,NA,"Crystal Palace",NA,NA,NA,"Anfield","",NA,"https://fbref.com/en/stathead/matchup/teams/822bd0ba/47c64c55/Liverpool-vs-Crystal-Palace-History"
"313","Premier League","M","ENG",2025,NA,"38","Sun",2025-05-25,"16:00","Ipswich Town",NA,NA,"West Ham",NA,NA,NA,"Portman Road Stadium","",NA,"https://fbref.com/en/stathead/matchup/teams/b74092de/7c21e445/Ipswich-Town-vs-West-Ham-United-History"
"314","Premier League","M","ENG",2025,NA,"38","Sun",2025-05-25,"16:00","Bournemouth",NA,NA,"Leicester City",NA,NA,NA,"Vitality Stadium","",NA,"https://fbref.com/en/stathead/matchup/teams/a2d435b3/4ba7cbea/Leicester-City-vs-Bournemouth-History"
"315","Premier League","M","ENG",2025,NA,"38","Sun",2025-05-25,"16:00","Newcastle Utd",NA,NA,"Everton",NA,NA,NA,"St James' Park","",NA,"https://fbref.com/en/stathead/matchup/teams/d3fd31cc/b2b47a98/Everton-vs-Newcastle-United-History"
"316","Premier League","M","ENG",2025,NA,"38","Sun",2025-05-25,"16:00","Fulham",NA,NA,"Manchester City",NA,NA,NA,"Craven Cottage","",NA,"https://fbref.com/en/stathead/matchup/teams/fd962109/b8fd03ef/Fulham-vs-Manchester-City-History"
"317","Premier League","M","ENG",2025,NA,"38","Sun",2025-05-25,"16:00","Nott'ham Forest",NA,NA,"Chelsea",NA,NA,NA,"The City Ground","",NA,"https://fbref.com/en/stathead/matchup/teams/e4a775cb/cff3d9bb/Nottingham-Forest-vs-Chelsea-History"
"318","Premier League","M","ENG",2025,NA,"38","Sun",2025-05-25,"16:00","Manchester Utd",NA,NA,"Aston Villa",NA,NA,NA,"Old Trafford","",NA,"https://fbref.com/en/stathead/matchup/teams/8602292d/19538871/Aston-Villa-vs-Manchester-United-History"
"319","Premier League","M","ENG",2025,NA,"38","Sun",2025-05-25,"16:00","Wolves",NA,NA,"Brentford",NA,NA,NA,"Molineux Stadium","",NA,"https://fbref.com/en/stathead/matchup/teams/cd051869/8cec06e1/Brentford-vs-Wolverhampton-Wanderers-History"
"320","Premier League","M","ENG",2025,NA,"38","Sun",2025-05-25,"16:00","Tottenham",NA,NA,"Brighton",NA,NA,NA,"Tottenham Hotspur Stadium","",NA,"https://fbref.com/en/stathead/matchup/teams/d07537b9/361ca564/Brighton-and-Hove-Albion-vs-Tottenham-Hotspur-History"
"321","Premier League","M","ENG",2025,NA,"4","Sat",2024-09-14,"12:30","Southampton",0,1.1,"Manchester Utd",3,2.6,31144,"St Mary's Stadium","Stuart Attwell",NA,"https://fbref.com/en/matches/b96c3759/Southampton-Manchester-United-September-14-2024-Premier-League"
"322","Premier League","M","ENG",2025,NA,"4","Sat",2024-09-14,"15:00","Brighton",0,1.6,"Ipswich Town",0,0.3,41573,"The American Express Stadium","Samuel Barrott",NA,"https://fbref.com/en/matches/2ffa4354/Brighton-and-Hove-Albion-Ipswich-Town-September-14-2024-Premier-League"
"323","Premier League","M","ENG",2025,NA,"4","Sat",2024-09-14,"15:00","Crystal Palace",2,2.5,"Leicester City",2,1.2,25147,"Selhurst Park","Tony Harrington",NA,"https://fbref.com/en/matches/430cce12/Crystal-Palace-Leicester-City-September-14-2024-Premier-League"
"324","Premier League","M","ENG",2025,NA,"4","Sat",2024-09-14,"15:00","Manchester City",2,2.1,"Brentford",1,1,52148,"Etihad Stadium","Darren Bond",NA,"https://fbref.com/en/matches/54405f8a/Manchester-City-Brentford-September-14-2024-Premier-League"
"325","Premier League","M","ENG",2025,NA,"4","Sat",2024-09-14,"15:00","Liverpool",0,0.9,"Nott'ham Forest",1,0.4,60344,"Anfield","Michael Oliver",NA,"https://fbref.com/en/matches/674bfe9e/Liverpool-Nottingham-Forest-September-14-2024-Premier-League"
"326","Premier League","M","ENG",2025,NA,"4","Sat",2024-09-14,"15:00","Fulham",1,1.5,"West Ham",1,0.8,26528,"Craven Cottage","Tim Robinson",NA,"https://fbref.com/en/matches/fa2b1777/Fulham-West-Ham-United-September-14-2024-Premier-League"
"327","Premier League","M","ENG",2025,NA,"4","Sat",2024-09-14,"17:30","Aston Villa",3,2.1,"Everton",2,0.9,41573,"Villa Park","Craig Pawson",NA,"https://fbref.com/en/matches/cdb4c33b/Aston-Villa-Everton-September-14-2024-Premier-League"
"328","Premier League","M","ENG",2025,NA,"4","Sat",2024-09-14,"20:00","Bournemouth",0,1.7,"Chelsea",1,0.8,11235,"Vitality Stadium","Anthony Taylor",NA,"https://fbref.com/en/matches/456b4762/Bournemouth-Chelsea-September-14-2024-Premier-League"
"329","Premier League","M","ENG",2025,NA,"4","Sun",2024-09-15,"14:00","Tottenham",0,0.7,"Arsenal",1,0.7,61645,"Tottenham Hotspur Stadium","Jarred Gillett",NA,"https://fbref.com/en/matches/17774a57/North-London-Derby-Tottenham-Hotspur-Arsenal-September-15-2024-Premier-League"
"330","Premier League","M","ENG",2025,NA,"4","Sun",2024-09-15,"16:30","Wolves",1,1.2,"Newcastle Utd",2,1.5,30255,"Molineux Stadium","Chris Kavanagh",NA,"https://fbref.com/en/matches/4b01981e/Wolverhampton-Wanderers-Newcastle-United-September-15-2024-Premier-League"
"331","Premier League","M","ENG",2025,NA,"5","Sat",2024-09-21,"12:30","West Ham",0,0.9,"Chelsea",3,2.2,62473,"London Stadium","Samuel Barrott",NA,"https://fbref.com/en/matches/ce0fb1f5/West-Ham-United-Chelsea-September-21-2024-Premier-League"
"332","Premier League","M","ENG",2025,NA,"5","Sat",2024-09-21,"15:00","Liverpool",3,2,"Bournemouth",0,1.1,60347,"Anfield","Tony Harrington",NA,"https://fbref.com/en/matches/32a9539b/Liverpool-Bournemouth-September-21-2024-Premier-League"
"333","Premier League","M","ENG",2025,NA,"5","Sat",2024-09-21,"15:00","Leicester City",1,0.7,"Everton",1,1.1,31765,"King Power Stadium","Darren England",NA,"https://fbref.com/en/matches/4e6e1cc7/Leicester-City-Everton-September-21-2024-Premier-League"
"334","Premier League","M","ENG",2025,NA,"5","Sat",2024-09-21,"15:00","Southampton",1,2.4,"Ipswich Town",1,1.6,31117,"St Mary's Stadium","Samuel Allison",NA,"https://fbref.com/en/matches/948d52cc/Southampton-Ipswich-Town-September-21-2024-Premier-League"
"335","Premier League","M","ENG",2025,NA,"5","Sat",2024-09-21,"15:00","Tottenham",3,3.5,"Brentford",1,0.8,61246,"Tottenham Hotspur Stadium","John Brooks",NA,"https://fbref.com/en/matches/9511708f/Tottenham-Hotspur-Brentford-September-21-2024-Premier-League"
"336","Premier League","M","ENG",2025,NA,"5","Sat",2024-09-21,"15:00","Fulham",3,2.2,"Newcastle Utd",1,1.5,25700,"Craven Cottage","Peter Bankes",NA,"https://fbref.com/en/matches/de7298df/Fulham-Newcastle-United-September-21-2024-Premier-League"
"337","Premier League","M","ENG",2025,NA,"5","Sat",2024-09-21,"15:00","Aston Villa",3,1.7,"Wolves",1,0.5,39978,"Villa Park","Tim Robinson",NA,"https://fbref.com/en/matches/e2b62260/Aston-Villa-Wolverhampton-Wanderers-September-21-2024-Premier-League"
"338","Premier League","M","ENG",2025,NA,"5","Sat",2024-09-21,"17:30","Crystal Palace",0,1,"Manchester Utd",0,1.6,25172,"Selhurst Park","David Coote",NA,"https://fbref.com/en/matches/929e225f/Crystal-Palace-Manchester-United-September-21-2024-Premier-League"
"339","Premier League","M","ENG",2025,NA,"5","Sun",2024-09-22,"14:00","Brighton",2,1,"Nott'ham Forest",2,1.4,31444,"The American Express Stadium","Robert Jones",NA,"https://fbref.com/en/matches/d701a1df/Brighton-and-Hove-Albion-Nottingham-Forest-September-22-2024-Premier-League"
"340","Premier League","M","ENG",2025,NA,"5","Sun",2024-09-22,"16:30","Manchester City",2,2.1,"Arsenal",2,0.7,52846,"Etihad Stadium","Michael Oliver",NA,"https://fbref.com/en/matches/d7538020/Manchester-City-Arsenal-September-22-2024-Premier-League"
"341","Premier League","M","ENG",2025,NA,"6","Sat",2024-09-28,"12:30","Newcastle Utd",1,1.6,"Manchester City",1,0.9,52248,"St James' Park","Jarred Gillett",NA,"https://fbref.com/en/matches/b4df0bca/Newcastle-United-Manchester-City-September-28-2024-Premier-League"
"342","Premier League","M","ENG",2025,NA,"6","Sat",2024-09-28,"15:00","Chelsea",4,4.2,"Brighton",2,1.1,39495,"Stamford Bridge","Peter Bankes",NA,"https://fbref.com/en/matches/1714cebe/Chelsea-Brighton-and-Hove-Albion-September-28-2024-Premier-League"
"343","Premier League","M","ENG",2025,NA,"6","Sat",2024-09-28,"15:00","Arsenal",4,4.4,"Leicester City",2,0.3,60323,"Emirates Stadium","Samuel Barrott",NA,"https://fbref.com/en/matches/2ee60ac7/Arsenal-Leicester-City-September-28-2024-Premier-League"
"344","Premier League","M","ENG",2025,NA,"6","Sat",2024-09-28,"15:00","Brentford",1,0.4,"West Ham",1,1,17050,"Gtech Community Stadium","Simon Hooper",NA,"https://fbref.com/en/matches/9c4f2bcd/Brentford-West-Ham-United-September-28-2024-Premier-League"
"345","Premier League","M","ENG",2025,NA,"6","Sat",2024-09-28,"15:00","Everton",2,0.9,"Crystal Palace",1,0.9,38954,"Goodison Park","Andy Madley",NA,"https://fbref.com/en/matches/d47382cd/Everton-Crystal-Palace-September-28-2024-Premier-League"
"346","Premier League","M","ENG",2025,NA,"6","Sat",2024-09-28,"15:00","Nott'ham Forest",0,0.8,"Fulham",1,1.3,30139,"The City Ground","Joshua Smith",NA,"https://fbref.com/en/matches/ee7d3371/Nottingham-Forest-Fulham-September-28-2024-Premier-League"
"347","Premier League","M","ENG",2025,NA,"6","Sat",2024-09-28,"17:30","Wolves",1,0.6,"Liverpool",2,2.5,31413,"Molineux Stadium","Anthony Taylor",NA,"https://fbref.com/en/matches/f2633f1d/Wolverhampton-Wanderers-Liverpool-September-28-2024-Premier-League"
"348","Premier League","M","ENG",2025,NA,"6","Sun",2024-09-29,"14:00","Ipswich Town",2,1.2,"Aston Villa",2,0.8,29943,"Portman Road Stadium","Stuart Attwell",NA,"https://fbref.com/en/matches/ef742b9c/Ipswich-Town-Aston-Villa-September-29-2024-Premier-League"
"349","Premier League","M","ENG",2025,NA,"6","Sun",2024-09-29,"16:30","Manchester Utd",0,1,"Tottenham",3,4.4,73587,"Old Trafford","Chris Kavanagh",NA,"https://fbref.com/en/matches/c4b97377/Manchester-United-Tottenham-Hotspur-September-29-2024-Premier-League"
"350","Premier League","M","ENG",2025,NA,"6","Mon",2024-09-30,"20:00","Bournemouth",3,1.3,"Southampton",1,0.6,11243,"Vitality Stadium","Michael Oliver",NA,"https://fbref.com/en/matches/04d2cc03/Bournemouth-Southampton-September-30-2024-Premier-League"
"351","Premier League","M","ENG",2025,NA,"7","Sat",2024-10-05,"12:30","Crystal Palace",0,0.6,"Liverpool",1,1.4,25185,"Selhurst Park","Simon Hooper",NA,"https://fbref.com/en/matches/49ea224b/Crystal-Palace-Liverpool-October-5-2024-Premier-League"
"352","Premier League","M","ENG",2025,NA,"7","Sat",2024-10-05,"15:00","Manchester City",3,1.6,"Fulham",2,2.6,53017,"Etihad Stadium","Peter Bankes",NA,"https://fbref.com/en/matches/61d60f62/Manchester-City-Fulham-October-5-2024-Premier-League"
"353","Premier League","M","ENG",2025,NA,"7","Sat",2024-10-05,"15:00","Brentford",5,4.2,"Wolves",3,1,16960,"Gtech Community Stadium","Andy Madley",NA,"https://fbref.com/en/matches/909090f8/Brentford-Wolverhampton-Wanderers-October-5-2024-Premier-League"
"354","Premier League","M","ENG",2025,NA,"7","Sat",2024-10-05,"15:00","West Ham",4,3.6,"Ipswich Town",1,0.6,62467,"London Stadium","Anthony Taylor",NA,"https://fbref.com/en/matches/93e19c5e/West-Ham-United-Ipswich-Town-October-5-2024-Premier-League"
"355","Premier League","M","ENG",2025,NA,"7","Sat",2024-10-05,"15:00","Arsenal",3,2.8,"Southampton",1,0.6,60307,"Emirates Stadium","Tony Harrington",NA,"https://fbref.com/en/matches/c6439e5b/Arsenal-Southampton-October-5-2024-Premier-League"
"356","Premier League","M","ENG",2025,NA,"7","Sat",2024-10-05,"15:00","Leicester City",1,0.8,"Bournemouth",0,2.1,31706,"King Power Stadium","Darren Bond",NA,"https://fbref.com/en/matches/d153872e/Leicester-City-Bournemouth-October-5-2024-Premier-League"
"357","Premier League","M","ENG",2025,NA,"7","Sat",2024-10-05,"17:30","Everton",0,0.7,"Newcastle Utd",0,2.1,39265,"Goodison Park","Craig Pawson",NA,"https://fbref.com/en/matches/e99a7857/Everton-Newcastle-United-October-5-2024-Premier-League"
"358","Premier League","M","ENG",2025,NA,"7","Sun",2024-10-06,"14:00","Aston Villa",0,0.5,"Manchester Utd",0,0.6,42682,"Villa Park","Robert Jones",NA,"https://fbref.com/en/matches/abef5f2a/Aston-Villa-Manchester-United-October-6-2024-Premier-League"
"359","Premier League","M","ENG",2025,NA,"7","Sun",2024-10-06,"14:00","Chelsea",1,2.3,"Nott'ham Forest",1,0.9,39501,"Stamford Bridge","Chris Kavanagh",NA,"https://fbref.com/en/matches/b9e00aac/Chelsea-Nottingham-Forest-October-6-2024-Premier-League"
"360","Premier League","M","ENG",2025,NA,"7","Sun",2024-10-06,"16:30","Brighton",3,1.8,"Tottenham",2,1.3,31487,"The American Express Stadium","David Coote",NA,"https://fbref.com/en/matches/dac142c7/Brighton-and-Hove-Albion-Tottenham-Hotspur-October-6-2024-Premier-League"
"361","Premier League","M","ENG",2025,NA,"8","Sat",2024-10-19,"12:30","Tottenham",4,1.9,"West Ham",1,0.8,61381,"Tottenham Hotspur Stadium","Andy Madley",NA,"https://fbref.com/en/matches/923bfab0/Tottenham-Hotspur-West-Ham-United-October-19-2024-Premier-League"
"362","Premier League","M","ENG",2025,NA,"8","Sat",2024-10-19,"15:00","Southampton",2,2.1,"Leicester City",3,3.1,31145,"St Mary's Stadium","Anthony Taylor",NA,"https://fbref.com/en/matches/03d28c48/Southampton-Leicester-City-October-19-2024-Premier-League"
"363","Premier League","M","ENG",2025,NA,"8","Sat",2024-10-19,"15:00","Ipswich Town",0,1.3,"Everton",2,1.7,29862,"Portman Road Stadium","Michael Oliver",NA,"https://fbref.com/en/matches/2273e126/Ipswich-Town-Everton-October-19-2024-Premier-League"
"364","Premier League","M","ENG",2025,NA,"8","Sat",2024-10-19,"15:00","Newcastle Utd",0,2,"Brighton",1,1.1,52220,"St James' Park","Peter Bankes",NA,"https://fbref.com/en/matches/48081db0/Newcastle-United-Brighton-and-Hove-Albion-October-19-2024-Premier-League"
"365","Premier League","M","ENG",2025,NA,"8","Sat",2024-10-19,"15:00","Fulham",1,1.8,"Aston Villa",3,1.6,26743,"Craven Cottage","Darren England",NA,"https://fbref.com/en/matches/615d637e/Fulham-Aston-Villa-October-19-2024-Premier-League"
"366","Premier League","M","ENG",2025,NA,"8","Sat",2024-10-19,"15:00","Manchester Utd",2,1.3,"Brentford",1,0.9,73738,"Old Trafford","Samuel Barrott",NA,"https://fbref.com/en/matches/7f2c3291/Manchester-United-Brentford-October-19-2024-Premier-League"
"367","Premier League","M","ENG",2025,NA,"8","Sat",2024-10-19,"17:30","Bournemouth",2,1.8,"Arsenal",0,0.7,11235,"Vitality Stadium","Robert Jones",NA,"https://fbref.com/en/matches/01e63a1f/Bournemouth-Arsenal-October-19-2024-Premier-League"
"368","Premier League","M","ENG",2025,NA,"8","Sun",2024-10-20,"14:00","Wolves",1,0.8,"Manchester City",2,1.6,31319,"Molineux Stadium","Chris Kavanagh",NA,"https://fbref.com/en/matches/90b22cd5/Wolverhampton-Wanderers-Manchester-City-October-20-2024-Premier-League"
"369","Premier League","M","ENG",2025,NA,"8","Sun",2024-10-20,"16:30","Liverpool",2,1.9,"Chelsea",1,1,60277,"Anfield","John Brooks",NA,"https://fbref.com/en/matches/99b4737c/Liverpool-Chelsea-October-20-2024-Premier-League"
"370","Premier League","M","ENG",2025,NA,"8","Mon",2024-10-21,"20:00","Nott'ham Forest",1,1.7,"Crystal Palace",0,1,29443,"The City Ground","Tim Robinson",NA,"https://fbref.com/en/matches/5ed3894e/Nottingham-Forest-Crystal-Palace-October-21-2024-Premier-League"
"371","Premier League","M","ENG",2025,NA,"9","Fri",2024-10-25,"20:00","Leicester City",1,0.8,"Nott'ham Forest",3,1.7,31879,"King Power Stadium","Craig Pawson",NA,"https://fbref.com/en/matches/292d8bc4/Leicester-City-Nottingham-Forest-October-25-2024-Premier-League"
"372","Premier League","M","ENG",2025,NA,"9","Sat",2024-10-26,"15:00","Brentford",4,4,"Ipswich Town",3,1.3,17109,"Gtech Community Stadium","Lewis Smith",NA,"https://fbref.com/en/matches/1fb2dcde/Brentford-Ipswich-Town-October-26-2024-Premier-League"
"373","Premier League","M","ENG",2025,NA,"9","Sat",2024-10-26,"15:00","Brighton",2,1.3,"Wolves",2,1.3,31840,"The American Express Stadium","Michael Oliver",NA,"https://fbref.com/en/matches/9487e056/Brighton-and-Hove-Albion-Wolverhampton-Wanderers-October-26-2024-Premier-League"
"374","Premier League","M","ENG",2025,NA,"9","Sat",2024-10-26,"15:00","Manchester City",1,2.9,"Southampton",0,0.2,52844,"Etihad Stadium","Tony Harrington",NA,"https://fbref.com/en/matches/b66f6389/Manchester-City-Southampton-October-26-2024-Premier-League"
"375","Premier League","M","ENG",2025,NA,"9","Sat",2024-10-26,"15:00","Aston Villa",1,1.8,"Bournemouth",1,0.3,42165,"Villa Park","Chris Kavanagh",NA,"https://fbref.com/en/matches/bce300b2/Aston-Villa-Bournemouth-October-26-2024-Premier-League"
"376","Premier League","M","ENG",2025,NA,"9","Sat",2024-10-26,"17:30","Everton",1,0.8,"Fulham",1,1.2,38742,"Goodison Park","John Brooks",NA,"https://fbref.com/en/matches/1e5152bf/Everton-Fulham-October-26-2024-Premier-League"
"377","Premier League","M","ENG",2025,NA,"9","Sun",2024-10-27,"14:00","Chelsea",2,1.6,"Newcastle Utd",1,1.8,39526,"Stamford Bridge","Simon Hooper",NA,"https://fbref.com/en/matches/33571b04/Chelsea-Newcastle-United-October-27-2024-Premier-League"
"378","Premier League","M","ENG",2025,NA,"9","Sun",2024-10-27,"14:00","West Ham",2,2.8,"Manchester Utd",1,2.3,62474,"London Stadium","David Coote",NA,"https://fbref.com/en/matches/38c31a07/West-Ham-United-Manchester-United-October-27-2024-Premier-League"
"379","Premier League","M","ENG",2025,NA,"9","Sun",2024-10-27,"14:00","Crystal Palace",1,0.8,"Tottenham",0,0.7,25108,"Selhurst Park","Darren Bond",NA,"https://fbref.com/en/matches/e995d937/Crystal-Palace-Tottenham-Hotspur-October-27-2024-Premier-League"
"380","Premier League","M","ENG",2025,NA,"9","Sun",2024-10-27,"16:30","Arsenal",2,0.9,"Liverpool",2,0.8,60383,"Emirates Stadium","Anthony Taylor",NA,"https://fbref.com/en/matches/68aa1099/Arsenal-Liverpool-October-27-2024-Premier-League"
